chapter,keyword
Chapter_1,WGI
Chapter_1,Working Groups
Chapter_1,global stocktake
Chapter_1,climate information
Chapter_1,CORDEX
Chapter_1,risk management
Chapter_1,climate services
Chapter_1,vulnerability
Chapter_1,GCM
Chapter_1,paleoclimate archives
Chapter_1,WGI Assessment
Chapter_1,thermohaline circulation
Chapter_1,Working Group II
Chapter_1,Oxford University Press
Chapter_1,scientific literature
Chapter_1,WGII
Chapter_1,IPCC Sixth Assessment Cycle
Chapter_1,calibrated language
Chapter_1,expert judgment
Chapter_1,Earth System Grid Federation
Chapter_1,local knowledge
Chapter_1,Third Assessment Report
Chapter_1,IPCC assessment reports
Chapter_1,climate change impacts
Chapter_1,Mastrandrea
Chapter_1,GHG emissions scenario
Chapter_1,Special Reports
Chapter_1,WGI Report
Chapter_1,Structured Expert Dialogue
Chapter_1,net zero GHG emissions
Chapter_1,media coverage
Chapter_1,social media
Chapter_1,agreement
Chapter_1,scientific understanding
Chapter_1,Climate Services
Chapter_1,ocean regions
Chapter_1,silicate rock weathering
Chapter_1,climatic change
Chapter_1,Climate Change Adaptation
Chapter_1,org
Chapter_1,Reanalyses
Chapter_1,climate futures
Chapter_1,metrics
Chapter_1,PPEs
Chapter_1,reference scenarios
Chapter_1,SRES scenarios
Chapter_1,Sectoral
Chapter_1,Intergovernmental Panel
Chapter_1,Climate Change Research
Chapter_1,IPCC Scientific Assessment
Chapter_1,climate risk
Chapter_1,climate change information
Chapter_1,objectivity
Chapter_1,physical climate system
Chapter_1,Sixth Assessment Cycle
Chapter_1,Sendai Framework
Chapter_1,AR6 WGI Report
Chapter_1,Process Understanding
Chapter_1,climate events
Chapter_1,IPCC Working Groups
Chapter_1,WGI contribution
Chapter_1,risk
Chapter_1,net zero emissions targets
Chapter_1,direct air measurements
Chapter_1,bipolar seesaw
Chapter_1,climate change adaptation
Chapter_1,IPBES
Chapter_1,economic development
Chapter_1,heavy precipitation events
Chapter_1,ecosystem functioning
Chapter_1,polar ice sheets
Chapter_1,regional projections
Chapter_1,IPCC calibrated uncertainty language
Chapter_1,calibrated uncertainty language
Chapter_1,Likelihood
Chapter_1,likelihood statements
Chapter_1,understanding
Chapter_1,uncertainty interval
Chapter_1,Values
Chapter_1,climate research
Chapter_1,indigenous knowledge
Chapter_1,Climate services
Chapter_1,tide gauges
Chapter_1,total radiative forcing
Chapter_1,First Assessment Report
Chapter_1,radiative transfer
Chapter_1,event attribution
Chapter_1,heat storage
Chapter_1,general circulation model
Chapter_1,risk framing
Chapter_1,observational network
Chapter_1,Climate Change Signal
Chapter_1,internal climate variations
Chapter_1,regional sea level change
Chapter_1,stability landscape
Chapter_1,ecological systems
Chapter_1,cultural assets
Chapter_1,Vulnerability
Chapter_1,human systems
Chapter_1,Land Regions
Chapter_1,Ocean Regions
Chapter_1,Typological Regions
Chapter_1,Continental Regions
Chapter_1,Small Islands
Chapter_1,Baseline Surface Radiation Network
Chapter_1,Global Terrestrial Network
Chapter_1,Essential Biodiversity Variables
Chapter_1,regional climate models
Chapter_1,Coordinated Regional Downscaling Experiment
Chapter_1,FaIR
Chapter_1,performance metrics
Chapter_1,Cloud Feedback Model Intercomparison Project
Chapter_1,RCP pathways
Chapter_1,atmospheric carbon dioxide concentrations
Chapter_1,Climate Modeling
Chapter_1,Systems
Chapter_1,MIT Press
Chapter_1,wind patterns
Chapter_1,Royal Society of London
Chapter_1,Meteorology
Chapter_1,Climate Change Projections
Chapter_1,shared socioeconomic pathways
Chapter_1,Weather Prediction
Chapter_1,Flato
Chapter_1,IPCC Sixth Assessment Report
Chapter_1,Global surface temperatures
Chapter_1,atmospheric greenhouse gas concentrations
Chapter_1,beliefs
Chapter_1,traditions
Chapter_1,openness
Chapter_1,Social values
Chapter_1,observational capacity
Chapter_1,extended records
Chapter_1,WGI report
Chapter_1,Coordinated Regional Climate Downscaling Experiment
Chapter_1,simplified climate models
Chapter_1,Regional Information
Chapter_1,compound events
Chapter_1,Executive Summary
Chapter_1,regional information
Chapter_1,user context
Chapter_1,Global Precipitation Climatology Centre
Chapter_1,atmospheric concentrations
Chapter_1,Community Members
Chapter_1,industrialisation
Chapter_1,paleoclimatic archives
Chapter_1,EPICA Community Members
Chapter_1,WAIS Divide Project Members
Chapter_1,instabilities
Chapter_1,critical thresholds
Chapter_1,finance
Chapter_1,NDC
Chapter_1,SBSTA
Chapter_1,periodic review
Chapter_1,2030 Agenda
Chapter_1,mitigation decisions
Chapter_1,Disaster Risk Reduction
Chapter_1,disaster risk
Chapter_1,society
Chapter_1,rolling work programme
Chapter_1,biodiversity conservation
Chapter_1,climate resilience
Chapter_1,Marine heatwaves
Chapter_1,NDCs
Chapter_1,warming levels
Chapter_1,anthropogenic effect
Chapter_1,scientific uncertainty
Chapter_1,public opinion
Chapter_1,public climate change awareness
Chapter_1,quantitative
Chapter_1,likelihood scale
Chapter_1,likelihood
Chapter_1,statistical analysis
Chapter_1,expert elicitation
Chapter_1,uncertainty intervals
Chapter_1,conceptual models
Chapter_1,human rights
Chapter_1,mountains
Chapter_1,resource managers
Chapter_1,mass media
Chapter_1,television coverage
Chapter_1,climate understanding
Chapter_1,social media platforms
Chapter_1,Twitter
Chapter_1,surface stations
Chapter_1,World Weather Records
Chapter_1,JMA
Chapter_1,mo
Chapter_1,global surface temperature datasets
Chapter_1,Atmospheric Infrared Sounder
Chapter_1,solar heating
Chapter_1,greenhouse effect
Chapter_1,International Geophysical Year
Chapter_1,GOSat
Chapter_1,fossils
Chapter_1,paleoclimate studies
Chapter_1,paleoclimatology
Chapter_1,Camp Century
Chapter_1,ice volume
Chapter_1,Interglacials Working Group
Chapter_1,radiatively active gases
Chapter_1,planetary temperature
Chapter_1,cloud nucleation
Chapter_1,radiocarbon
Chapter_1,numerical weather prediction
Chapter_1,documentation
Chapter_1,AR4
Chapter_1,global average temperatures
Chapter_1,anthropogenic greenhouse gas concentrations
Chapter_1,energy use
Chapter_1,United Nations Conference
Chapter_1,CO2 doubling
Chapter_1,FAR
Chapter_1,FAR central estimate
Chapter_1,FAR regions
Chapter_1,extreme rainfall
Chapter_1,ative forcing
Chapter_1,net zero CO2 emissions
Chapter_1,Global Temperature
Chapter_1,UK summer temperatures
Chapter_1,Arctic sea ice variations
Chapter_1,weather
Chapter_1,tropical countries
Chapter_1,societal choices
Chapter_1,Uncertainty Quantification
Chapter_1,emissions scenario uncertainty
Chapter_1,causal factors
Chapter_1,early warning signals
Chapter_1,climate tipping points
Chapter_1,bifurcation
Chapter_1,risk assessments
Chapter_1,CIDs
Chapter_1,Attribution assessments
Chapter_1,numerical models
Chapter_1,economic inequality
Chapter_1,wild species
Chapter_1,Hurricane Harvey
Chapter_1,Climate Regions
Chapter_1,regional phenomena
Chapter_1,Reference Regions
Chapter_1,Global Ocean Observing System
Chapter_1,Observational Capacity
Chapter_1,Satellites
Chapter_1,Integrated Carbon Observation System
Chapter_1,ICOS
Chapter_1,GRACE
Chapter_1,early
Chapter_1,proxy system models
Chapter_1,MO
Chapter_1,pandemic
Chapter_1,observing
Chapter_1,aerosol observations
Chapter_1,gravity waves
Chapter_1,global average surface temperature
Chapter_1,coupled reanalyses
Chapter_1,downscaling
Chapter_1,parameterization schemes
Chapter_1,unresolved processes
Chapter_1,prognostic representation
Chapter_1,intercomparisons
Chapter_1,tuning target
Chapter_1,RCMs
Chapter_1,Regional climate models
Chapter_1,OSCAR
Chapter_1,Reduced Complexity Model Intercomparison Project
Chapter_1,global temperature change potential
Chapter_1,Paris Rulebook
Chapter_1,fitness
Chapter_1,MMEs
Chapter_1,statistical downscaling techniques
Chapter_1,climate model ensembles
Chapter_1,integration
Chapter_1,climate change mitigation action
Chapter_1,net zero emissions
Chapter_1,GDP
Chapter_1,approximate radiative forcing levels
Chapter_1,community
Chapter_1,impact
Chapter_1,scenario
Chapter_1,mitigation scenario
Chapter_1,temperature evolution
Chapter_1,gas cycle models
Chapter_1,default settings
Chapter_1,equilibrium states
Chapter_1,prescribed SST
Chapter_1,carbon budget concept
Chapter_1,human factors
Chapter_1,climate knowledge
Chapter_1,warm periods
Chapter_1,New York Academy of Sciences
Chapter_1,regional reanalysis
Chapter_1,Institutional Integrity
Chapter_1,Integrity Systems
Chapter_1,Symposium
Chapter_1,Volcanoes
Chapter_1,Economics
Chapter_1,Emissions Scenarios
Chapter_1,University of Chicago Press
Chapter_1,National Academies
Chapter_1,Greenhouse Effect
Chapter_1,International Commission
Chapter_1,forward model
Chapter_1,annual rings
Chapter_1,climate modeling
Chapter_1,Water Resources Research
Chapter_1,Climate Change 2014
Chapter_1,Cloud Feedback
Chapter_1,Meteor
Chapter_1,Climate Observing Systems
Chapter_1,IPCC Fourth Assessment Report
Chapter_1,Philosophy
Chapter_1,IPCC Assessment Reports
Chapter_1,National Strategy
Chapter_1,Seamless Prediction
Chapter_1,Climate Simulation
Chapter_1,Human Environment
Chapter_1,absorption
Chapter_1,Addis Ababa Action Agenda
Chapter_1,institutional arrangements
Chapter_1,United Nations Framework Convention on
Chapter_1,Anthropogenic aerosols
Chapter_1,Cox
Chapter_1,physical science
Chapter_1,alyses
Chapter_1,international policy responses
Chapter_1,scenario framework
Chapter_1,IPCC assessment cycles
Chapter_1,changing climate system
Chapter_1,deep ocean acidification
Chapter_1,international policy context
Chapter_1,UN Framework Convention on Climate
Chapter_1,cumulative carbon emissions budgets
Chapter_1,observed climate changes
Chapter_1,human forcing
Chapter_1,fine solid particles
Chapter_1,liquid droplets
Chapter_1,systematic scientific assessments
Chapter_1,Tropical regions
Chapter_1,unified framework
Chapter_1,Systematic risk framing
Chapter_1,Scientific knowledge
Chapter_1,national identity
Chapter_1,religion
Chapter_1,WGI ReportCap
Chapter_1,ocean observing networks
Chapter_1,proxy archives
Chapter_1,climate record
Chapter_1,multiple causal factors
Chapter_1,complex climate models
Chapter_1,Key model intercomparisons
Chapter_1,ensemble model simulations
Chapter_1,Cumulative carbon emissions
Chapter_1,independent evidence
Chapter_1,science assessments
Chapter_1,adaptation options
Chapter_1,mitigation response options
Chapter_1,Working Group Reports
Chapter_1,AR6 Special Reports
Chapter_1,Climate model capabilities
Chapter_1,hesis Report
Chapter_1,paleoclimatic information
Chapter_1,changing clim
Chapter_1,online Interactive Atlas
Chapter_1,visualization
Chapter_1,Frequently Asked Questions
Chapter_1,reprodu
Chapter_1,ibility
Chapter_1,input data
Chapter_1,archived code
Chapter_1,Input Data Tables
Chapter_1,model input
Chapter_1,Technical Summary
Chapter_1,AR6 WGI Structure
Chapter_1,AR5 WGI Report
Chapter_1,regional adaptation planning
Chapter_1,risk management framework
Chapter_1,AR5 WGI chapter categories
Chapter_1,colour code
Chapter_1,AR5 WGI chapters
Chapter_1,AR6 WGI chapters
Chapter_1,AR6 WGI report
Chapter_1,sectoral impacts
Chapter_1,WGII Assessment
Chapter_1,complex Earth System Models
Chapter_1,coronavirus pandemic
Chapter_1,climate change science
Chapter_1,integrated Synthesis
Chapter_1,international policy processes
Chapter_1,modelling framework
Chapter_1,international climate change governance
Chapter_1,fundamental scientific values
Chapter_1,observing networks
Chapter_1,modelling capabilities
Chapter_1,knowledge integration
Chapter_1,international climate governance
Chapter_1,content
Chapter_1,biogeochemical climate system
Chapter_1,Multiple Climate Indicators
Chapter_1,frozen water
Chapter_1,integrating
Chapter_1,instrumental observation
Chapter_1,land surface stations
Chapter_1,ocean surface measurements
Chapter_1,in situ atmospheric measurements
Chapter_1,historical documentations
Chapter_1,Annual mean values
Chapter_1,stripes
Chapter_1,latitude band means
Chapter_1,annual mean anomaly
Chapter_1,total global temperature change
Chapter_1,global energy balance
Chapter_1,land area mean precipitation
Chapter_1,Northern Hemisphere temperate regions
Chapter_1,freshwater ice
Chapter_1,solid precipitation
Chapter_1,total glacier mass
Chapter_1,averaged ocean heat content
Chapter_1,climatic indicators
Chapter_1,Paleoclimate archives
Chapter_1,borehole temperatures
Chapter_1,dominant cycles
Chapter_1,coldest glacial maxima
Chapter_1,warm
Chapter_1,periods
Chapter_1,paleoclimatic reconstructions
Chapter_1,CO2in air
Chapter_1,marine paleoclimate proxies
Chapter_1,dark grey line
Chapter_1,projected mean
Chapter_1,Coupled Model Intercomparison Project Phase
Chapter_1,Sea level changes
Chapter_1,oxygen isotope measurements
Chapter_1,ocean sediment cores
Chapter_1,sea level record
Chapter_1,projected median
Chapter_1,Best estimates
Chapter_1,iskers
Chapter_1,Marine Isotope Stage 11
Chapter_1,Paleoclimatic information
Chapter_1,polor ice cores
Chapter_1,extended warm periods
Chapter_1,warmer GMST
Chapter_1,summer sea ice reduction
Chapter_1,irreversible changes
Chapter_1,natural variation
Chapter_1,global datasets
Chapter_1,regional paleorecords
Chapter_1,global coherence
Chapter_1,permanent geological record
Chapter_1,rapid ocean acidification
Chapter_1,societal understanding
Chapter_1,UN Framework Convention on Climate Change
Chapter_1,Kyoto Protocol
Chapter_1,Third Assessment report
Chapter_1,Fifth Assessment Reports
Chapter_1,education
Chapter_1,Nationally Determined Contribution
Chapter_1,domestic mitigation measures
Chapter_1,Paris temperature goal
Chapter_1,ratcheting mechanism
Chapter_1,voluntary national pledges
Chapter_1,SED
Chapter_1,Body
Chapter_1,scientific integrity
Chapter_1,PA LTTG
Chapter_1,United Nations 2030 Agenda for
Chapter_1,Agenda
Chapter_1,SDG 13
Chapter_1,SDG 11
Chapter_1,sustainable cities and communities
Chapter_1,UN Conference on Housing
Chapter_1,Urban Agenda
Chapter_1,SFDRR
Chapter_1,hazard characteristics
Chapter_1,integrative risk management
Chapter_1,sustainable solutions
Chapter_1,biodiversity loss
Chapter_1,IPCC model
Chapter_1,nexus approach
Chapter_1,interconnection
Chapter_1,air quality concerns
Chapter_1,Gothenburg Protocol
Chapter_1,ribution
Chapter_1,Global Stocktake
Chapter_1,David Frame
Chapter_1,New
Chapter_1,formal avenues
Chapter_1,scientific inputs
Chapter_1,Structured Expert Dialogues
Chapter_1,IPCC AR6 Special Reports
Chapter_1,Talanoa dialogue
Chapter_1,COP23
Chapter_1,global stocktake process
Chapter_1,net zero greenhouse gas emissions
Chapter_1,WGIII reports
Chapter_1,global mean surface air temperatures
Chapter_1,food production systems
Chapter_1,Ampl
Chapter_1,positive feedback loop
Chapter_1,Sea ice area
Chapter_1,polar life
Chapter_1,flows
Chapter_1,First Nations
Chapter_1,permafrost regions
Chapter_1,carbon cycle interactions
Chapter_1,Regional sea level change
Chapter_1,vertical land movement
Chapter_1,ice mass changes
Chapter_1,ocean dynamical changes
Chapter_1,calciferous shells
Chapter_1,upper ocean waters
Chapter_1,seafood supply
Chapter_1,bushfires
Chapter_1,infrastructure planning
Chapter_1,extreme storms
Chapter_1,extreme sea level
Chapter_1,QuestionChapterPotential Relevance
Chapter_1,response space
Chapter_1,low emissions scenarios
Chapter_1,climate policy implementation
Chapter_1,emissions mitigation pledges
Chapter_1,peak warming levels
Chapter_1,transfer function
Chapter_1,global average change
Chapter_1,ice volume change
Chapter_1,pollution
Chapter_1,surface water availability
Chapter_1,drought probability
Chapter_1,irreversible sea level rise
Chapter_1,thresholds
Chapter_1,sea level rise commitments
Chapter_1,disaster risk reduction
Chapter_1,CH4 clathrate feedbacks
Chapter_1,ocean turnover circulation changes
Chapter_1,climate adaptation
Chapter_1,Global warming potentials
Chapter_1,emissions trading schemes
Chapter_1,Mountain glaciers
Chapter_1,cover
Chapter_1,Changing river discharge
Chapter_1,Melting mountain glaciers
Chapter_1,adaptation purposes
Chapter_1,West African monsoon drought
Chapter_1,southern Australian rainfall decline
Chapter_1,Caribbean small island summer drought
Chapter_1,Cape Town
Chapter_1,Hindu Kush Himalaya
Chapter_1,anthropogenic GHG
Chapter_1,regional pattern
Chapter_1,broader environmental benefits
Chapter_1,tropospheric ozone recovery
Chapter_1,large natural variability
Chapter_1,accelerated climate change
Chapter_1,IPCC Assessment Process
Chapter_1,multidisciplinary science assessments
Chapter_1,Internet sources
Chapter_1,Climate Change Understanding
Chapter_1,shared understanding
Chapter_1,diverse
Chapter_1,world cultures
Chapter_1,national identities
Chapter_1,religions
Chapter_1,global climate science
Chapter_1,Political cultures
Chapter_1,political orientation
Chapter_1,political party identification
Chapter_1,clusters of nations
Chapter_1,public attitudes
Chapter_1,political affiliation
Chapter_1,corporations
Chapter_1,media treatment
Chapter_1,public responses
Chapter_1,political party affiliation
Chapter_1,corporate influence
Chapter_1,high variability
Chapter_1,risk perceptions
Chapter_1,public concern
Chapter_1,climate change communication
Chapter_1,AR5 cycle
Chapter_1,Calibrated Uncertainty Language
Chapter_1,Guidance Notes
Chapter_1,uncertainty Guidance Note
Chapter_1,Key chapter findings
Chapter_1,certainty
Chapter_1,qualitative measure
Chapter_1,mechanistic understanding
Chapter_1,formal confidence assessment
Chapter_1,statements of fact
Chapter_1,summary statements
Chapter_1,evidence
Chapter_1,agreement statement
Chapter_1,Ifthe expert judgement
Chapter_1,single events
Chapter_1,broader outcomes
Chapter_1,probabil
Chapter_1,quantitative analyses
Chapter_1,complete probability distributions
Chapter_1,percentile ranges
Chapter_1,assessment findings
Chapter_1,state of knowledge
Chapter_1,likelihood terms
Chapter_1,expert judgments
Chapter_1,median value
Chapter_1,IPCC framework
Chapter_1,transparency
Chapter_1,expert judgements
Chapter_1,probability terms
Chapter_1,IPCC uncertainty guidance
Chapter_1,lay readers
Chapter_1,IPCC likelihood statements
Chapter_1,IPCC authors
Chapter_1,British lay readers
Chapter_1,Chinese lay people
Chapter_1,uncertainty language
Chapter_1,wide uncertainty intervals
Chapter_1,subjective uncertainty
Chapter_1,shared framework
Chapter_1,substantial uncertainties
Chapter_1,numerical values
Chapter_1,FAQs
Chapter_1,decision making
Chapter_1,marine ice cliff instability
Chapter_1,Climate Change Communication
Chapter_1,WGIII Assessment
Chapter_1,ethical values
Chapter_1,international law
Chapter_1,human life
Chapter_1,subsistence
Chapter_1,scientific knowledge
Chapter_1,explanatory power
Chapter_1,predictive accuracy
Chapter_1,falsifiability
Chapter_1,replicability
Chapter_1,explicit reasoning
Chapter_1,institutional values
Chapter_1,organized scepticism
Chapter_1,disinterestedness
Chapter_1,documented evidence
Chapter_1,publication
Chapter_1,peer review
Chapter_1,institutional review
Chapter_1,research ethics
Chapter_1,open data
Chapter_1,open code
Chapter_1,climate modelling centers
Chapter_1,FAIR
Chapter_1,data stewardship principles
Chapter_1,Climate science norms
Chapter_1,national academies
Chapter_1,reasoning
Chapter_1,gender
Chapter_1,ethnicity
Chapter_1,nationality
Chapter_1,climate science information
Chapter_1,equity
Chapter_1,climate model improvement
Chapter_1,reliable simulation
Chapter_1,future policy
Chapter_1,false alarms
Chapter_1,missed warnings
Chapter_1,Type II errors
Chapter_1,social values
Chapter_1,reliability
Chapter_1,informativeness
Chapter_1,Climate Information
Chapter_1,typological
Chapter_1,temporal frames
Chapter_1,baseline periods
Chapter_1,Regional climate change information
Chapter_1,regional information needs
Chapter_1,policy decisions
Chapter_1,scientific climate information
Chapter_1,UK Climate Projections 2009
Chapter_1,information needs
Chapter_1,scientific idioms
Chapter_1,Economic theory
Chapter_1,making
Chapter_1,resource management
Chapter_1,community approaches
Chapter_1,scientific information
Chapter_1,access mechanism
Chapter_1,Global Framework
Chapter_1,GFCS
Chapter_1,climate information providers
Chapter_1,decision makers
Chapter_1,wind
Chapter_1,ocean conditions
Chapter_1,vulnerability analyses
Chapter_1,health trends
Chapter_1,population distributions
Chapter_1,infrastructure maps
Chapter_1,climate change risk assessment
Chapter_1,Media Coverage
Chapter_1,climate change news
Chapter_1,local identities
Chapter_1,social justice
Chapter_1,audience segmentation studies
Chapter_1,public climate change concern
Chapter_1,television network news
Chapter_1,probability framing
Chapter_1,Climate Matters
Chapter_1,Internet resource
Chapter_1,US television weather forecasters
Chapter_1,media outlets
Chapter_1,climate crisis
Chapter_1,global heating
Chapter_1,climate emergency
Chapter_1,Google searches
Chapter_1,social movements
Chapter_1,Latin American countries
Chapter_1,Internet
Chapter_1,incivility
Chapter_1,filter bubbles
Chapter_1,climate communication
Chapter_1,IPCC WGI Assessment Reports
Chapter_1,Climate science milestones
Chapter_1,Milestones
Chapter_1,anomaly
Chapter_1,Instrumental Observations
Chapter_1,major climate variables
Chapter_1,instrumental climate observations
Chapter_1,Instrumental weather observation
Chapter_1,thermometers
Chapter_1,barometers
Chapter_1,colonial weather services
Chapter_1,naval weather logs
Chapter_1,currents
Chapter_1,air pressure
Chapter_1,naval logs
Chapter_1,mapped seasonal isotherms
Chapter_1,Réseau Mondial
Chapter_1,Monthly Climatic Data
Chapter_1,Landand ocean surface temperature data
Chapter_1,computer
Chapter_1,surface station records
Chapter_1,global land temperature time series
Chapter_1,benchmark study
Chapter_1,Japan Meteorological Agency
Chapter_1,bias
Chapter_1,buckets
Chapter_1,engine intake thermometers
Chapter_1,drifting buoys
Chapter_1,China Meteorological Administration
Chapter_1,CMA
Chapter_1,non-climatic biases
Chapter_1,geospatial
Chapter_1,temporal sampling
Chapter_1,Marine air temperatures
Chapter_1,scattered mountain summits
Chapter_1,balloons
Chapter_1,kites
Chapter_1,temporal homogenisation
Chapter_1,intercalibration
Chapter_1,radiosonde records
Chapter_1,Microwave Sounding Units
Chapter_1,liquid water
Chapter_1,orbital precession
Chapter_1,MSU
Chapter_1,pressure
Chapter_1,hydrocarbons
Chapter_1,natural biogeochemical carbon cycle
Chapter_1,oceanic absorption
Chapter_1,biological storage
Chapter_1,fossil organic matter
Chapter_1,absorption bands
Chapter_1,sensitive instruments
Chapter_1,CO2 monitoring stations
Chapter_1,Orbiting Carbon Observatory satellite
Chapter_1,ocean surface water
Chapter_1,acidity
Chapter_1,Ocean currents
Chapter_1,subsurface measurements
Chapter_1,HMS Challenger
Chapter_1,global ocean temperature profiles
Chapter_1,research ships
Chapter_1,Nansen bottles
Chapter_1,mechanical bathythermographs
Chapter_1,navies
Chapter_1,commercial shipping
Chapter_1,eXpendable BathyThermographs
Chapter_1,commercial ships
Chapter_1,repeated transects
Chapter_1,700 m
Chapter_1,Ocean data collection
Chapter_1,Tropical Ocean Global Experiment
Chapter_1,Marine surface observations
Chapter_1,Argo submersible float network
Chapter_1,HMS Challengerdata
Chapter_1,Argo submersible floats
Chapter_1,global subsurface ocean warming
Chapter_1,ocean heat content datasets
Chapter_1,tide
Chapter_1,Satellite radar altimetry
Chapter_1,tide gauge record
Chapter_1,geocentric measurements
Chapter_1,Satellite remote sensing
Chapter_1,Satellite mapping
Chapter_1,sea ice observations
Chapter_1,gravity measurements
Chapter_1,perimeter fluxes
Chapter_1,satellite radar interferometry
Chapter_1,surface velocity
Chapter_1,microwave imagery
Chapter_1,sonar profiling
Chapter_1,submarines
Chapter_1,radar altimetry
Chapter_1,sea ice freeboards
Chapter_1,historical precedent
Chapter_1,Arctic sea ice minima
Chapter_1,Glacier length
Chapter_1,glacier length
Chapter_1,mass balance observations
Chapter_1,World Glacier Monitoring Service
Chapter_1,ice thickness data
Chapter_1,Glacier Thickness Database
Chapter_1,Paleoclimate
Chapter_1,geological strata
Chapter_1,anthropogenic climatic change
Chapter_1,climatic variability
Chapter_1,human historical past
Chapter_1,geological deep time
Chapter_1,Paleoclimate reference periods
Chapter_1,Historical climatology
Chapter_1,media
Chapter_1,diaries
Chapter_1,almanacs
Chapter_1,merchant accounts
Chapter_1,frosts
Chapter_1,thaws
Chapter_1,flowering dates
Chapter_1,harvests
Chapter_1,crop prices
Chapter_1,Meticulous records
Chapter_1,Climatic phenomena
Chapter_1,European historical records
Chapter_1,Peruvian fishermen
Chapter_1,periodic El Niño warm current
Chapter_1,Inuit communities
Chapter_1,climatic history
Chapter_1,Indigenous Australian knowledge
Chapter_1,biological materials
Chapter_1,stalactites
Chapter_1,stalagmites
Chapter_1,loess deposits
Chapter_1,dust sediments
Chapter_1,fossil pollen
Chapter_1,peat
Chapter_1,lake sediment
Chapter_1,sunspots
Chapter_1,Radiocarbon dating
Chapter_1,tiny air bubbles
Chapter_1,18O isotope
Chapter_1,frozen precipitation
Chapter_1,Sulphate deposits
Chapter_1,ash layers
Chapter_1,kyr
Chapter_1,Atlantic Ocean circulation
Chapter_1,orbital eccentricity
Chapter_1,axial tilt
Chapter_1,axial precession
Chapter_1,Paleoclimate information
Chapter_1,Past
Chapter_1,orbital cycles hypothesis
Chapter_1,continental drift
Chapter_1,paleoclimatic evidence
Chapter_1,radiative equilibrium
Chapter_1,absorbed solar radiation
Chapter_1,natural climate change
Chapter_1,orbital factors
Chapter_1,continental position
Chapter_1,volcanic outgassing
Chapter_1,carbonate rock
Chapter_1,positive drivers
Chapter_1,naturally
Chapter_1,radiatively active gas
Chapter_1,terrestrial greenhouse effect
Chapter_1,non-condensing GHGs
Chapter_1,water vapour concentrations
Chapter_1,feedback effect
Chapter_1,non-condensing gases
Chapter_1,cloud droplet nucleation
Chapter_1,historical records
Chapter_1,geological traces
Chapter_1,aerosol indirect effect
Chapter_1,cloud altitude
Chapter_1,depth
Chapter_1,coal combustion
Chapter_1,global land temperature variations
Chapter_1,dashed line
Chapter_1,CO2 effect
Chapter_1,atmospheric oxygen levels
Chapter_1,concentrated organic carbon
Chapter_1,sedimentary rocks
Chapter_1,synthetic halocarbons
Chapter_1,ants
Chapter_1,stratospheric ozone layer
Chapter_1,Radioactive fallout
Chapter_1,atmospheric nuclear weapons testing
Chapter_1,urban smog
Chapter_1,cooling agents
Chapter_1,US Climatic Impact Assessment Program
Chapter_1,CIAP
Chapter_1,supersonic aircraft
Chapter_1,stratospheric circulation
Chapter_1,transient climate evolution
Chapter_1,global dimming
Chapter_1,cloud brightening
Chapter_1,tropospheric O3
Chapter_1,anthropogenic driver
Chapter_1,fossil fuel extraction
Chapter_1,natural gas pipeline leakage
Chapter_1,longwave radiation measurements
Chapter_1,positive RF
Chapter_1,anthropogenic aerosol loads
Chapter_1,total aerosol RF
Chapter_1,aerosol loads
Chapter_1,total forcing
Chapter_1,total RF
Chapter_1,total aerosol effects
Chapter_1,negative RF
Chapter_1,computer simulation
Chapter_1,gravity
Chapter_1,surface friction
Chapter_1,vertical atmospheric circulatory cells
Chapter_1,Coriolis force
Chapter_1,global atmospheric circulation
Chapter_1,incoming solar radiation
Chapter_1,differential effects
Chapter_1,doubling atmospheric carbon dioxide
Chapter_1,fluid dynamics
Chapter_1,electronic computers
Chapter_1,weather forecasting
Chapter_1,general circulation models
Chapter_1,topography
Chapter_1,computer power enabled
Chapter_1,higher resolutions
Chapter_1,longer model
Chapter_1,state of
Chapter_1,art
Chapter_1,weather prediction
Chapter_1,weather forecast models
Chapter_1,historical warming trajectories
Chapter_1,grid type
Chapter_1,standardized experiment designs
Chapter_1,output variables
Chapter_1,observational reference data
Chapter_1,global surface temperature trends
Chapter_1,tuning procedures
Chapter_1,rising tropopause
Chapter_1,sea level air pressure
Chapter_1,climate system budgets
Chapter_1,sea level components
Chapter_1,WGI reports
Chapter_1,adaptation decisions
Chapter_1,secular changes
Chapter_1,CO2 emissions pathways
Chapter_1,human climate influence
Chapter_1,Stockholm Action Plan
Chapter_1,paleoclimate temperature records
Chapter_1,energy budget models
Chapter_1,full equilibrium
Chapter_1,Earth system sensitivity
Chapter_1,climate science assessments
Chapter_1,expert assessment
Chapter_1,ESM model
Chapter_1,GMST response
Chapter_1,Observ
Chapter_1,projected surface pattern
Chapter_1,global surface temperature projections
Chapter_1,estimated radiative forcings
Chapter_1,temperature observations
Chapter_1,Energy Balance Model
Chapter_1,H81
Chapter_1,H88
Chapter_1,Scenario B
Chapter_1,Regional projections
Chapter_1,projected global warming
Chapter_1,projected range
Chapter_1,global warming estimate
Chapter_1,FAR projections
Chapter_1,regionally averaged observations
Chapter_1,global temperature gridded datasets
Chapter_1,blue dashed lines
Chapter_1,inset map
Chapter_1,extrapolated observational trends
Chapter_1,FAR regional projections
Chapter_1,spatial warming pattern
Chapter_1,GHG fluxes
Chapter_1,Anthropogenic global warming
Chapter_1,increased droughts
Chapter_1,heat island effect
Chapter_1,September sea
Chapter_1,extreme sea level events
Chapter_1,global land albedo
Chapter_1,boreal permafrost
Chapter_1,northern permafrost regions
Chapter_1,anthropogenic global warming
Chapter_1,cumulative net
Chapter_1,regional climate characteristics
Chapter_1,Extreme sea level events
Chapter_1,increased temperatures
Chapter_1,Emissions pathways
Chapter_1,system transitions
Chapter_1,maximum global mean temperature
Chapter_1,climate change literature
Chapter_1,geographical regions
Chapter_1,Baselines
Chapter_1,Reference Periods
Chapter_1,baselines
Chapter_1,Baseline
Chapter_1,time period of interest
Chapter_1,statistics
Chapter_1,scales
Chapter_1,measurement system
Chapter_1,simulated absolute value
Chapter_1,variable of interest
Chapter_1,simulated absolute global surface temperature
Chapter_1,absolute values
Chapter_1,light blue shading
Chapter_1,phase transitions
Chapter_1,compromises
Chapter_1,climate normals
Chapter_1,AR6WGI
Chapter_1,baseline end date
Chapter_1,observed global mean surface temperature
Chapter_1,shaded grey band
Chapter_1,paleo-reference periods
Chapter_1,data availability considerations
Chapter_1,global temperature thresholds
Chapter_1,Britain
Chapter_1,permanent surface observing networks
Chapter_1,anthropogenic radiative forcings
Chapter_1,anthropogenic component
Chapter_1,AR6 emulator
Chapter_1,anthropogenic changes
Chapter_1,region of interest
Chapter_1,natural radiatively forced trends
Chapter_1,Natural variations
Chapter_1,anthropogenic trends
Chapter_1,surface indicators
Chapter_1,decreasing sea ice
Chapter_1,projected trend
Chapter_1,continental spatial scales
Chapter_1,observed trajectory
Chapter_1,MPI ESM Grand Ensemble
Chapter_1,coloured lines
Chapter_1,integrated signal
Chapter_1,annual GSAT change
Chapter_1,annual ice volume
Chapter_1,internal variations
Chapter_1,binary statement
Chapter_1,statistical sense
Chapter_1,spatially aggregating methods
Chapter_1,observed emergence
Chapter_1,surface air temperatures
Chapter_1,lower latitudes
Chapter_1,mean surface air temperatures
Chapter_1,pink shaded bands
Chapter_1,Observed
Chapter_1,ocean temperatures
Chapter_1,crop growing regions
Chapter_1,oceanic signals
Chapter_1,Climate Simulations
Chapter_1,Radiative forcing uncertainty
Chapter_1,Future radiative forcing
Chapter_1,paleoclimate time periods
Chapter_1,GHG radiative forcings
Chapter_1,anthropogenic aerosol radiative forcing
Chapter_1,Climate response uncertainty
Chapter_1,climate response uncertainty
Chapter_1,large solar variations
Chapter_1,orbital effects
Chapter_1,complex climate model simulations
Chapter_1,ice caps
Chapter_1,Bayesian methods
Chapter_1,scenario uncertainty component
Chapter_1,unforced component
Chapter_1,individual ensemble
Chapter_1,South American annual temperatures
Chapter_1,East Asian summer precipitation changes
Chapter_1,model response uncertainties
Chapter_1,South America temperature
Chapter_1,East Asia summer
Chapter_1,members
Chapter_1,Therelative uncertainty
Chapter_1,societies
Chapter_1,projected global temperature
Chapter_1,intermediate emissions scenario
Chapter_1,schematic likelihood distribution
Chapter_1,threatened systems
Chapter_1,graduated colours
Chapter_1,committed GSAT change
Chapter_1,GSAT temperature
Chapter_1,climate science community
Chapter_1,climate projection uncertainties
Chapter_1,climate change pathways
Chapter_1,scenario storyline
Chapter_1,physical climate storyline
Chapter_1,physical trajectory
Chapter_1,explanatory elements
Chapter_1,LLHI events
Chapter_1,AR6 WGIAssessment Report
Chapter_1,decision context
Chapter_1,storylines approach
Chapter_1,narrative elements
Chapter_1,Abrupt Change
Chapter_1,abrupt change
Chapter_1,system state
Chapter_1,extreme temperature
Chapter_1,planetary climate
Chapter_1,anthropogenic GHGs
Chapter_1,cumulative GHG emissions
Chapter_1,Amazon rainforest dieback
Chapter_1,permafrost collapse
Chapter_1,climate background states
Chapter_1,parmeterizations
Chapter_1,steady state
Chapter_1,stable climate states
Chapter_1,stability landscapes
Chapter_1,stable states
Chapter_1,tipping transitions
Chapter_1,Amazon rainforest
Chapter_1,alternative stable state
Chapter_1,Bifurcation tipping events
Chapter_1,bifurcation tipping
Chapter_1,North Atlantic changes
Chapter_1,inertia lag
Chapter_1,bifurcation point
Chapter_1,nuclear war
Chapter_1,planetary cooling
Chapter_1,marine ice sheet instability
Chapter_1,stratocumulus cloud decks
Chapter_1,biological epidemics
Chapter_1,unknownunknowns
Chapter_1,Risk Framing
Chapter_1,Events
Chapter_1,AR5 WGII
Chapter_1,hazard component
Chapter_1,climate change responses
Chapter_1,transitions
Chapter_1,livelihoods
Chapter_1,environmental functions
Chapter_1,resources
Chapter_1,environmental resources
Chapter_1,system tolerance
Chapter_1,WGII assessment
Chapter_1,inform risk
Chapter_1,Extremes
Chapter_1,CID
Chapter_1,flood risk
Chapter_1,flood events
Chapter_1,flood hazard
Chapter_1,human settlements
Chapter_1,early warning systems
Chapter_1,pest outbreaks
Chapter_1,adaptability
Chapter_1,financial access
Chapter_1,emissions pricing
Chapter_1,societal risk
Chapter_1,WGI climate information
Chapter_1,coastal protection
Chapter_1,accommodation
Chapter_1,risk management strategy
Chapter_1,high uncertainty
Chapter_1,Pandora Hope
Chapter_1,Daithi Stone
Chapter_1,aerosol concentration changes
Chapter_1,human GHG emissions
Chapter_1,observed heatwave
Chapter_1,Attribution studies
Chapter_1,changing species distributions
Chapter_1,climate protection policies
Chapter_1,climate litigation
Chapter_1,distributed observational data
Chapter_1,data basis
Chapter_1,attribution research
Chapter_1,attribution hypothesis
Chapter_1,decomposition
Chapter_1,counterfactual world
Chapter_1,anthropogenic activity
Chapter_1,atmospheric carbon isotope ratios
Chapter_1,Decomposition approaches
Chapter_1,carbon intensity
Chapter_1,fairness
Chapter_1,burden sharing
Chapter_1,climate forcing agent
Chapter_1,anthropogen
Chapter_1,individual forcing agents
Chapter_1,statistical approaches
Chapter_1,human forcings
Chapter_1,regional climate variations
Chapter_1,counterfactual climate
Chapter_1,thermodynamic status
Chapter_1,cold temperature extremes
Chapter_1,Event attribution
Chapter_1,economic damages
Chapter_1,river floods
Chapter_1,Impact attribution
Chapter_1,dynamical modelling
Chapter_1,human population patterns
Chapter_1,habitat loss
Chapter_1,baseline condition
Chapter_1,paleodata
Chapter_1,ecological experiments
Chapter_1,poleward range boundaries expanding
Chapter_1,equatorial range boundaries contracting
Chapter_1,flood damages
Chapter_1,regional climate phenomena
Chapter_1,global climate trends
Chapter_1,characteristic climate zones
Chapter_1,climate observation data
Chapter_1,biomes
Chapter_1,climate observations
Chapter_1,data processing capabilities
Chapter_1,climate classification
Chapter_1,ecoregions
Chapter_1,geometrically simple regions
Chapter_1,regional climate modelling
Chapter_1,AR6IPCC
Chapter_1,national boundaries
Chapter_1,unified WGI Reference Sets
Chapter_1,region types
Chapter_1,hybrid regions
Chapter_1,typological regions
Chapter_1,monsoon domains
Chapter_1,black contour lines
Chapter_1,global monsoon zones
Chapter_1,coloured regions
Chapter_1,regional monsoon domains
Chapter_1,stippled regions
Chapter_1,Stippled zones
Chapter_1,small islands
Chapter_1,consistent climate signals
Chapter_1,climatological coherence
Chapter_1,Reference Sets
Chapter_1,climatological reasoning
Chapter_1,common reference set
Chapter_1,climate consistency
Chapter_1,West African Monsoon Typological Region
Chapter_1,regional synthesis
Chapter_1,SREX
Chapter_1,SREX collection
Chapter_1,Hybrid Regions
Chapter_1,typologies
Chapter_1,continental domains
Chapter_1,geopolitical divisions
Chapter_1,hybrid zones
Chapter_1,European Arctic
Chapter_1,Northern Central America
Chapter_1,Continental Region
Chapter_1,GIII
Chapter_1,Continental Set of Regions
Chapter_1,modelling techniques
Chapter_1,performance assessments
Chapter_1,climate observational capacity
Chapter_1,Observational Data
Chapter_1,paleoclimatic records
Chapter_1,regional observations
Chapter_1,higher likelihood level
Chapter_1,longer observational datasets
Chapter_1,Essential Ocean Variables
Chapter_1,headline indicators
Chapter_1,key observational networks
Chapter_1,ensuringsustained observations
Chapter_1,NASA Orbiting Carbon Observatory satellites
Chapter_1,FLUXNET
Chapter_1,surface observation networks
Chapter_1,aircraft campaigns
Chapter_1,Research
Chapter_1,ACTRIS
Chapter_1,Atmospheric Tomography Mission
Chapter_1,Global navigation satellite systems
Chapter_1,limb soundings
Chapter_1,climate change assessments
Chapter_1,AIRS
Chapter_1,commercial laser absorption spectrometers
Chapter_1,water vapour isotopic composition
Chapter_1,Data products
Chapter_1,hydrological trends
Chapter_1,groundwater variability
Chapter_1,handwritten weather journals
Chapter_1,climate data
Chapter_1,international digital data archives
Chapter_1,weather log data
Chapter_1,weather observations
Chapter_1,oldWeather
Chapter_1,SouthernWeatherDiscovery
Chapter_1,Archival
Chapter_1,WeatherRescue
Chapter_1,JungleWeather
Chapter_1,Congo
Chapter_1,Climate History Australia
Chapter_1,Undergraduate students
Chapter_1,rainfall data
Chapter_1,digital archives
Chapter_1,in situ ocean temperature
Chapter_1,salinity observations
Chapter_1,in situ ocean biogeochemistry observations
Chapter_1,autonomous profiling floats
Chapter_1,climate assessments
Chapter_1,Argo profiles
Chapter_1,moored ocean instruments
Chapter_1,Tropical ocean moorings
Chapter_1,level rise
Chapter_1,vertical land motion
Chapter_1,Global Positioning System
Chapter_1,satellite altimetry series
Chapter_1,global mean sea level budget
Chapter_1,WCR
Chapter_1,Cry
Chapter_1,glacier fluctuations
Chapter_1,elevation change
Chapter_1,glacier outlines
Chapter_1,global glacier evolution
Chapter_1,archived
Chapter_1,declassified aerial photographs
Chapter_1,digital elevation models
Chapter_1,snow water equivalent
Chapter_1,European Space Agency
Chapter_1,IceBridge
Chapter_1,multiple missions
Chapter_1,BiosphereSatellite observations
Chapter_1,fluorescence
Chapter_1,Global Ozone Monitoring Experiment
Chapter_1,Climate data records
Chapter_1,ground area
Chapter_1,plant health
Chapter_1,fire disturbances
Chapter_1,National Ecological Observational Network
Chapter_1,satellite platforms
Chapter_1,global land biomass
Chapter_1,microwave satellite data
Chapter_1,in situ forest census data
Chapter_1,Moderate Resolution Imaging Spectroradiometer
Chapter_1,satellite imaging capabilities
Chapter_1,cloudy
Chapter_1,Global Ocean Acidification Observing Network
Chapter_1,coordinated field campaigns
Chapter_1,coordinated observations
Chapter_1,coral reef systems
Chapter_1,Continuous Plankton Recorder Surveys
Chapter_1,global biodiversity
Chapter_1,statistical applications
Chapter_1,tree ring data
Chapter_1,Northern Hemisphere temperature
Chapter_1,stalagmite records
Chapter_1,oxygen isotopes
Chapter_1,hydrological change
Chapter_1,hurricane activity
Chapter_1,jet stream variability
Chapter_1,sea level variability
Chapter_1,paleo ocean pH
Chapter_1,precision
Chapter_1,radiometric dating
Chapter_1,radiocarbon calibration datasets
Chapter_1,glacial landforms
Chapter_1,paleoclimate data assimilation
Chapter_1,climate variables of interest
Chapter_1,chronological accuracy
Chapter_1,climate system processes
Chapter_1,Intergovernmental Oceanographic Commission
Chapter_1,Earth system observations
Chapter_1,ship transits
Chapter_1,onboard observations
Chapter_1,radiosonde soundings
Chapter_1,ocean observing buoys
Chapter_1,aircraft data assimilation
Chapter_1,weather forecasting skill
Chapter_1,rainfall intensity
Chapter_1,radiosonde launches
Chapter_1,pan evaporation
Chapter_1,satellite frequencies
Chapter_1,meteorological features
Chapter_1,climate change monitoring
Chapter_1,radio communications
Chapter_1,5G cellular communications network
Chapter_1,5G network transmissions
Chapter_1,operating frequencies
Chapter_1,passive sensors
Chapter_1,weather satellites
Chapter_1,natural climate archives
Chapter_1,vulnerable alpine glaciers
Chapter_1,melt layers
Chapter_1,glacial retreat
Chapter_1,mortality events
Chapter_1,coral climate archives
Chapter_1,PAGES2K database
Chapter_1,Historical archives
Chapter_1,weather diaries
Chapter_1,observatory logbooks
Chapter_1,documentary data
Chapter_1,surface pressure
Chapter_1,wind strength
Chapter_1,direction
Chapter_1,sunshine amount
Chapter_1,documentary sources
Chapter_1,vulnerable paleoclimate archives
Chapter_1,oral traditions
Chapter_1,indigenous peoples
Chapter_1,instrumental climate data
Chapter_1,climate system observations
Chapter_1,numerical weather prediction model
Chapter_1,Observational Products
Chapter_1,global reanalysis
Chapter_1,critical gaps
Chapter_1,data assimilation schemes
Chapter_1,observational issues
Chapter_1,stepwise biases
Chapter_1,energy imbalances
Chapter_1,temporally varying observational network
Chapter_1,global atmospheric reanalyses
Chapter_1,Atmospheric reanalyses
Chapter_1,Climate Forecast System Reanalysis
Chapter_1,hourly atmospheric fields
Chapter_1,ocean waves
Chapter_1,cryospheric processes
Chapter_1,climate trend assessment
Chapter_1,forecast model
Chapter_1,assimilation system
Chapter_1,global energy budgets
Chapter_1,Lagrangian motion convective updrafts
Chapter_1,Inhomogeneities
Chapter_1,reanalysis precipitation
Chapter_1,microwave imagers
Chapter_1,cloud liquid water
Chapter_1,precipitation outputs
Chapter_1,surface observational data sets
Chapter_1,regional atmospheric reanalyses
Chapter_1,Regional reanalyses
Chapter_1,global reanalyses
Chapter_1,lower computational requirements
Chapter_1,numerical weather prediction models
Chapter_1,atmospheric reanalysis
Chapter_1,Sparse input reanalyses
Chapter_1,atmospheric 20th century Reanalysis
Chapter_1,sea ice concentration
Chapter_1,marine wind observations
Chapter_1,oceanic observations
Chapter_1,simulated variables
Chapter_1,surface circulation fields
Chapter_1,Re
Chapter_1,tropospheric reconstruction
Chapter_1,data quantity
Chapter_1,Argo observations
Chapter_1,Intercomparison project
Chapter_1,Reanalysis uncertainties
Chapter_1,observational data sampling
Chapter_1,eddy kinetic energy
Chapter_1,observation availability
Chapter_1,ensemble approach
Chapter_1,Longer
Chapter_1,extended reanalysis datasets
Chapter_1,oxygen isotope composition
Chapter_1,Ensemble Kalman filter data assimilation
Chapter_1,paleoclimate data
Chapter_1,annually resolved fields
Chapter_1,Last Millenium Reanalysis
Chapter_1,impact models
Chapter_1,Copernicus Climate Change Service
Chapter_1,WFDE5
Chapter_1,AR6 Interactive Atlas
Chapter_1,bias adjustment
Chapter_1,Copernicus Marine Environment Monitoring Service
Chapter_1,Ocean State Report
Chapter_1,multiple physical quantities
Chapter_1,Global Earth system models
Chapter_1,lower complexity
Chapter_1,CMIP Phase 6
Chapter_1,fundamental conservation laws
Chapter_1,higher horizontal resolution
Chapter_1,HighResMip
Chapter_1,Flexible grids
Chapter_1,spatially variable resolution
Chapter_1,median values
Chapter_1,duplicated models
Chapter_1,surface ocean grid points
Chapter_1,low blocking frequency
Chapter_1,Atmospheric models
Chapter_1,turbulence
Chapter_1,cloud
Chapter_1,droplet size
Chapter_1,cryosphere processeshas
Chapter_1,ocean eddies
Chapter_1,grid resolution
Chapter_1,CMIP6 ocean model components
Chapter_1,sea ice models
Chapter_1,summer Arctic sea ice extent
Chapter_1,grounding line dynamics
Chapter_1,microstructure evolution
Chapter_1,nested grids
Chapter_1,adaptive mesh approaches
Chapter_1,Sealevel rise
Chapter_1,stochastic parameterizations
Chapter_1,deterministic differential equations
Chapter_1,dynamical evolution
Chapter_1,stochastic variability
Chapter_1,weather models
Chapter_1,simulated climate sensitivity
Chapter_1,wetland drainage
Chapter_1,terrestrial carbon sequestration
Chapter_1,microbes
Chapter_1,plant demography
Chapter_1,Ocean biogeochemical models
Chapter_1,riverine input
Chapter_1,flexible
Chapter_1,plankton stoichiometric ratios
Chapter_1,plankton growth
Chapter_1,Tuning
Chapter_1,model formulation
Chapter_1,mathematical consistency
Chapter_1,energy conservation
Chapter_1,historical trends
Chapter_1,simulated climate system
Chapter_1,mean equilibrium temperature
Chapter_1,accurate simulation
Chapter_1,collective behaviour
Chapter_1,tuning strategy
Chapter_1,calibration steps
Chapter_1,heat flux
Chapter_1,radiative components
Chapter_1,clear sky component
Chapter_1,global mean air
Chapter_1,sea ice volume
Chapter_1,glacial mass balance
Chapter_1,global root mean square error
Chapter_1,TOA heat flux balance
Chapter_1,regional land properties
Chapter_1,precipitations
Chapter_1,latitudinal distribution of radiation
Chapter_1,spatial contrasts
Chapter_1,stationary waves
Chapter_1,initial
Chapter_1,CMIP6 modelling groups
Chapter_1,model skill
Chapter_1,Regional Models
Chapter_1,accurate climate information
Chapter_1,large computational resources
Chapter_1,CMIP global models
Chapter_1,downscaling techniques
Chapter_1,dynamical models
Chapter_1,limited region
Chapter_1,boudary conditions
Chapter_1,mountain ranges
Chapter_1,urban effects
Chapter_1,statistical downscaling
Chapter_1,global climate simulations
Chapter_1,international consortia
Chapter_1,EU Cities
Chapter_1,interactive representations
Chapter_1,EMIC community
Chapter_1,stabilization pathways
Chapter_1,commitment scenarios
Chapter_1,perturbed physics ensembles
Chapter_1,complex ESMs
Chapter_1,simulated realized warming fraction
Chapter_1,committed temperatures
Chapter_1,coordinated EMICs modelling effort
Chapter_1,Physical emulators
Chapter_1,heavily parametrized models
Chapter_1,computational efficiency
Chapter_1,emulating approaches
Chapter_1,SCM
Chapter_1,Physical emulation
Chapter_1,genetic algorithms
Chapter_1,artificial intelligence
Chapter_1,impulse response model
Chapter_1,ocean component
Chapter_1,CICERO SCM
Chapter_1,teaching purposes
Chapter_1,multiple Earth system domains
Chapter_1,ESM interactions
Chapter_1,stratospheric ozone exchange
Chapter_1,heterogeneous forcers
Chapter_1,relative temperature response
Chapter_1,WGI assessment
Chapter_1,WGIEmissions metrics
Chapter_1,CO2 equivalent
Chapter_1,pulse emissions metrics
Chapter_1,radiative forcing contribution
Chapter_1,global precipitation change potential
Chapter_1,forcing agent
Chapter_1,global temperature potential
Chapter_1,aggregate emissions
Chapter_1,pulse emission
Chapter_1,GWP
Chapter_1,GTP
Chapter_1,pulse component
Chapter_1,sustained methane reduction
Chapter_1,pulse CO2 removal
Chapter_1,Numerical models
Chapter_1,climate modelling simulations
Chapter_1,purposes of interest
Chapter_1,question of interest
Chapter_1,emergent constraint methodologies
Chapter_1,large model ensembles
Chapter_1,purpose of interest
Chapter_1,credible changes
Chapter_1,Ensemble Modelling Techniques
Chapter_1,multiple model simulations
Chapter_1,Coupled Model Intercomparison Project phases
Chapter_1,forced model responses
Chapter_1,large initial condition ensembles
Chapter_1,single model initial condition large ensembles
Chapter_1,CESM Large Ensemble
Chapter_1,MPI Grand Ensemble
Chapter_1,fixed configuration
Chapter_1,initial states
Chapter_1,circulation state
Chapter_1,multiple realizations
Chapter_1,crowdsourced computing
Chapter_1,climate model parameterizations
Chapter_1,hindcast mode
Chapter_1,parameterized processes
Chapter_1,degrees of freedom
Chapter_1,perturbed parameter ensemble
Chapter_1,individual parameters
Chapter_1,Statistical methods
Chapter_1,estimated uncertainty
Chapter_1,internal boundary conditions
Chapter_1,ensemble types
Chapter_1,multiple ensemble types
Chapter_1,statistical analytical techniques
Chapter_1,modelling uncertainty
Chapter_1,ICE
Chapter_1,Initial condition ensemble
Chapter_1,Perturbed physics ensemble
Chapter_1,internal parameters
Chapter_1,initial condition ensemble
Chapter_1,MIP activity
Chapter_1,online database
Chapter_1,participating
Chapter_1,MIPs
Chapter_1,MIP acronyms
Chapter_1,CMIP DECK simulations
Chapter_1,CMIP6 forcings
Chapter_1,stratospheric aerosol data
Chapter_1,gridded datasets
Chapter_1,sea ice concentrations
Chapter_1,aerosol abundances
Chapter_1,cloud droplet effective radius
Chapter_1,CMIP6 cycle
Chapter_1,CMIP6 datasets
Chapter_1,CORDEX simulations
Chapter_1,regional downscaling models
Chapter_1,AR6 WGI Atlas
Chapter_1,downscaling models
Chapter_1,distributed data platform
Chapter_1,ValTool
Chapter_1,It
Chapter_1,coupled Earth system processes
Chapter_1,WMO Expert Team
Chapter_1,Indices
Chapter_1,CLIVAR 2020 ENSO metrics package
Chapter_1,CMIP results
Chapter_1,individual model centres
Chapter_1,Southern Ocean clouds
Chapter_1,Instrument simulators
Chapter_1,observation proxies
Chapter_1,satellite simulators
Chapter_1,simulators
Chapter_1,Arctic Ocean observations
Chapter_1,aircraft trajectories
Chapter_1,regional scale information
Chapter_1,Complex Earth system models
Chapter_1,current climate
Chapter_1,projection
Chapter_1,spurious correlations
Chapter_1,mathematical theory
Chapter_1,equilibrium climate sensitivities
Chapter_1,tropical sea surface temperatures
Chapter_1,Weighting Techniques
Chapter_1,isons
Chapter_1,model democracy
Chapter_1,quantities of interest
Chapter_1,model performance assessment
Chapter_1,Model weighting strategies
Chapter_1,model performance metrics
Chapter_1,implicit weighting technique
Chapter_1,means
Chapter_1,random selection
Chapter_1,reference dataset
Chapter_1,model dependencies
Chapter_1,quantified uncertainty
Chapter_1,Model selection
Chapter_1,downscaling approaches
Chapter_1,regional assessment
Chapter_1,Scenarios
Chapter_1,Global Warming Levels
Chapter_1,Cumulative Carbon Emissions
Chapter_1,physical science knowledge
Chapter_1,research
Chapter_1,climate change mitigation options
Chapter_1,geophysical climate projections
Chapter_1,illustrative scenarios
Chapter_1,Net zero emissions
Chapter_1,demography
Chapter_1,technological innovation
Chapter_1,ursors
Chapter_1,WGIII community
Chapter_1,baseline scenarios
Chapter_1,reference futures
Chapter_1,technological development
Chapter_1,energy
Chapter_1,IPCC AR6 Assessment
Chapter_1,SSP scenario
Chapter_1,climate modelling groups
Chapter_1,low emissions scenario
Chapter_1,differential outcomes
Chapter_1,PAGES 2K reconstructions
Chapter_1,composite GSAT time series
Chapter_1,Projected temperatures
Chapter_1,CMIP6 Earth system model
Chapter_1,total CO2 emissions
Chapter_1,arrows
Chapter_1,human societies
Chapter_1,GMST temperature reconstructions
Chapter_1,GMST time series
Chapter_1,GSAT temperature projections
Chapter_1,CMIP6 ESM models
Chapter_1,CMIP6 temperature projections
Chapter_1,ESM models
Chapter_1,grey vertical band
Chapter_1,instrumental datasets
Chapter_1,agricultural yield
Chapter_1,human health impacts
Chapter_1,drought frequency
Chapter_1,extreme rainfall events
Chapter_1,hurricanes
Chapter_1,glacier loss projections
Chapter_1,thermosteric change
Chapter_1,SSP scenario set
Chapter_1,idealized experiments
Chapter_1,scenario likelihood
Chapter_1,societal futures
Chapter_1,quantified measures
Chapter_1,gross domestic product
Chapter_1,inequality
Chapter_1,SSP4
Chapter_1,GIII report
Chapter_1,IAM
Chapter_1,multiple emissions futures
Chapter_1,approximate radiative forcing level
Chapter_1,peak warming scenarios
Chapter_1,landcover maps
Chapter_1,radiative forcing labels
Chapter_1,global mean effective radiative forcing
Chapter_1,radiative transfer schemes
Chapter_1,approximate radiative forcing labels
Chapter_1,particle emissions
Chapter_1,pollutant emissions
Chapter_1,CH4 concentrations
Chapter_1,mitigation possibilities
Chapter_1,illustrative pathways
Chapter_1,scenario literature
Chapter_1,Scenario Generation Process
Chapter_1,Groups
Chapter_1,harmonization steps
Chapter_1,aerosol fields
Chapter_1,nitrogen deposition datasets
Chapter_1,aerosol optical property estimates
Chapter_1,GHG concentration time series
Chapter_1,scenario generation
Chapter_1,scenario data
Chapter_1,IPCC WGIII Assessment
Chapter_1,vulnerability information
Chapter_1,WGII reports
Chapter_1,Scenario modelling
Chapter_1,physical climate science
Chapter_1,population trends
Chapter_1,behavioural changes
Chapter_1,technology options
Chapter_1,Climate science research
Chapter_1,climate system literature
Chapter_1,IPCC emissions scenarios
Chapter_1,IS92
Chapter_1,CO2 stabilization levels
Chapter_1,ories
Chapter_1,climate impact literature
Chapter_1,community exercises
Chapter_1,chemically
Chapter_1,concentration pathway
Chapter_1,Extended Concentration Pathways
Chapter_1,stakeholder consultations
Chapter_1,climate impact
Chapter_1,analysis
Chapter_1,aerosol trajectories
Chapter_1,world emissions
Chapter_1,emissions increase
Chapter_1,SRES
Chapter_1,RCP projections
Chapter_1,Scenario Uncertainty
Chapter_1,Storylines
Chapter_1,Scenario uncertainty
Chapter_1,future emissions
Chapter_1,counterfactuals
Chapter_1,IEA 2020
Chapter_1,World Energy Outlook
Chapter_1,industrial CO2 emissions
Chapter_1,scenario storylines
Chapter_1,limited knowledge
Chapter_1,social systems
Chapter_1,Scenario storylines
Chapter_1,mitigation technology
Chapter_1,RCP emissions scenarios
Chapter_1,CO2 emissions scenario
Chapter_1,recovery stimulus packages
Chapter_1,SSP Scenarios
Chapter_1,SSP emissions
Chapter_1,core
Chapter_1,radiative forcing categorization
Chapter_1,scenario family panels
Chapter_1,SSP narratives
Chapter_1,reference scenario futures
Chapter_1,sea level rise projections
Chapter_1,regional climate aspects
Chapter_1,CP
Chapter_1,RCP scenario
Chapter_1,aggregate
Chapter_1,NDC emissions levels
Chapter_1,2050 net zero targets
Chapter_1,reference scenario
Chapter_1,aerosols emissions
Chapter_1,unconstrained emissions growth
Chapter_1,strong overshoot scenarios
Chapter_1,AerChemMIP variant
Chapter_1,reduced aerosol
Chapter_1,fluorinated gas concentrations
Chapter_1,key climate forcer datasets
Chapter_1,SSP scenario experiments
Chapter_1,rations
Chapter_1,GHG surface air mole fractions
Chapter_1,latitudinal gradients
Chapter_1,Biomass Burning Emissions
Chapter_1,Reactive Gas Emissions
Chapter_1,Volcanic Forcing
Chapter_1,Historical stratospheric aerosol climatology
Chapter_1,processing steps
Chapter_1,emissions time series
Chapter_1,albedo changes
Chapter_1,gas cycles
Chapter_1,single time series
Chapter_1,associated uncertainties
Chapter_1,interactive carbon cycle module
Chapter_1,default CO2 concentrations
Chapter_1,sulphur hexafluoride
Chapter_1,aggregated impacts
Chapter_1,RFC
Chapter_1,climate change mitigation analysis
Chapter_1,epoch
Chapter_1,empirical scaling relationship
Chapter_1,time sampling
Chapter_1,ESM ensembles
Chapter_1,regional distributions
Chapter_1,level
Chapter_1,regional climate state
Chapter_1,regional precipitation responses
Chapter_1,individual forcing mechanisms
Chapter_1,temperature level
Chapter_1,response patterns
Chapter_1,regional climates
Chapter_1,global mean warming level
Chapter_1,non-linearities
Chapter_1,transient climate
Chapter_1,equilibrium climate
Chapter_1,initial overshoot
Chapter_1,integration mechanism
Chapter_1,scalability
Chapter_1,Cumulative Carbon Dioxide Emissions
Chapter_1,emissions scenario characteristic
Chapter_1,approximate forcing
Chapter_1,radiative forcing share
Chapter_1,lower area plots
Chapter_1,cumulative total GHG emissions
Chapter_1,emissions targets
Chapter_1,atmospheric perturbation lifetimes
Chapter_1,WGIII assessment
Chapter_1,emissions pathway characteristics
Chapter_1,cumulative emissions budget categories
Chapter_1,path dependencies
Chapter_1,Temperature Outcomes
Chapter_1,Net zero CO2 emissions
Chapter_1,GHG emissions metric
Chapter_1,GWP100
Chapter_1,net zero CO
Chapter_1,global net zero CO2
Chapter_1,residual anthropogenic emissions
Chapter_1,abatement options
Chapter_1,GHG metric
Chapter_1,anthropogenic GHG emissions
Chapter_1,soil carbon management
Chapter_1,accounting rules
Chapter_1,negative side effects
Chapter_1,scientific climate change research
Chapter_1,regional observing networks
Chapter_1,close temporal alignment
Chapter_1,CMIP cycle
Chapter_1,IPCC assessment process
Chapter_1,WGI chapters
Chapter_1,temporal gaps
Chapter_1,oceanic processes
Chapter_1,Sparse instrumental temperature observations
Chapter_1,anthropogenic temperature change
Chapter_1,meteorite
Chapter_1,IPCC report
Chapter_1,land surfaces
Chapter_1,Computer climate simulations
Chapter_1,melt rates
Chapter_1,human causes
Chapter_1,Earth system simulations
Chapter_1,Sixth
Chapter_1,average rainfall
Chapter_1,inland flooding
Chapter_1,inundation
Chapter_1,coastal storm surges
Chapter_1,polar ecosystems
Chapter_1,regional temperatures
Chapter_1,elevated greenhouse gas concentrations
Chapter_1,ecological shifts
Chapter_1,global sea levels
Chapter_1,regional climate patterns
Chapter_1,climatic states
Chapter_1,critical
Chapter_1,summer heating
Chapter_1,elevated temperatures
Chapter_1,greenhouse gases concentrations
Chapter_1,Pliocene climate state
Chapter_1,paleoclimate observations
Chapter_1,global sea level rise
Chapter_1,structural disintegration
Chapter_1,MJO simulation
Chapter_1,MJO
Chapter_1,Air Ministry
Chapter_1,Pressure
Chapter_1,Land Stations
Chapter_1,Stationery Office
Chapter_1,London
Chapter_1,Royal Society of Edinburgh
Chapter_1,Cloud Microphysics
Chapter_1,Fractional Cloudiness
Chapter_1,annual precipitation indices
Chapter_1,Basin bifurcations
Chapter_1,oscillatory instability
Chapter_1,global oceanic box model
Chapter_1,International Atmospheric Circulation Reconstructions
Chapter_1,Social Media
Chapter_1,Sarcasm
Chapter_1,Incivility
Chapter_1,Bellouin
Chapter_1,Atmospheric Transmission
Chapter_1,Sun Radiation
Chapter_1,atmospheric turbidity
Chapter_1,Wasserdampfes
Chapter_1,Kohlensäure
Chapter_1,Erdatmosphäre
Chapter_1,Geolocation
Chapter_1,RFI sources
Chapter_1,SMOS interferometric data
Chapter_1,space weather
Chapter_1,Age determinations
Chapter_1,radiocarbon content
Chapter_1,Jourdain
Chapter_1,open systems
Chapter_1,geospatial techniques
Chapter_1,savannah agroecological systems
Chapter_1,Remote Sensing Applications
Chapter_1,ocean biogeochemical model
Chapter_1,ecosystem studies
Chapter_1,Higher Spatial Atmospheric Resolution
Chapter_1,real computational performance
Chapter_1,Glacier Change
Chapter_1,Paleoclimate Applications
Chapter_1,Geochronology
Chapter_1,Ocean Reanalyses Intercomparison Project
Chapter_1,Global Plankton Diversity Monitoring Program
Chapter_1,global gridded precipitation
Chapter_1,hydrogen isotope constraints
Chapter_1,Holocene methane budget
Chapter_1,Climate classification
Chapter_1,global greenhouse gas emissions
Chapter_1,EPICA Dome
Chapter_1,astronomical theory
Chapter_1,Daily Insolation
Chapter_1,Quaternary Climatic Changes
Chapter_1,geochemical carbon cycle
Chapter_1,Earth system model temperatures
Chapter_1,MESMER
Chapter_1,global mean temperature trajectories
Chapter_1,Climate model dependence
Chapter_1,replicate Earth paradigm
Chapter_1,Southern Ocean Overturning Compensation
Chapter_1,Fields of force
Chapter_1,mathematical physics
Chapter_1,Columbia University Press
Chapter_1,Hydrography
Chapter_1,Carnegie Institution
Chapter_1,Neural Network Retrieval Technique
Chapter_1,Cloudy Atmospheres
Chapter_1,Carbon Dioxide Information Analysis Center
Chapter_1,CDIAC
Chapter_1,Oak Ridge National Laboratory
Chapter_1,political polarization
Chapter_1,American public
Chapter_1,carbon dioxide content
Chapter_1,East Asian monsoon simulation
Chapter_1,Future
Chapter_1,Wind speed variability
Chapter_1,wind mast measurements
Chapter_1,PIRATA
Chapter_1,Tropical Atlantic Climate Research
Chapter_1,casting
Chapter_1,Robust
Chapter_1,Multimodel Climate Change Projections
Chapter_1,Arctic Warming
Chapter_1,Constraining glacier elevation
Chapter_1,Historical Climatology
Chapter_1,Governance values
Chapter_1,institutional integrity
Chapter_1,Uncertainty estimates
Chapter_1,global observed temperature changes
Chapter_1,Instrumental Meteorological Records
Chapter_1,Global Inventory
Chapter_1,volcanic eru
Chapter_1,Unified Modeling
Chapter_1,Diluvialzeit
Chapter_1,Structural Analysis
Chapter_1,Countermovement Coalitions
Chapter_1,Sociological Inquiry
Chapter_1,Oceanic Circulation
Chapter_1,Climatic effects
Chapter_1,IPCC probabilistic statements
Chapter_1,solar radiation variations
Chapter_1,Arctic Ocean Observation Operator
Chapter_1,Atmospheric Climate Model Fidelity
Chapter_1,Deep Carbon Emissions
Chapter_1,Mineralogy
Chapter_1,US maize
Chapter_1,climate sensitivity predictors
Chapter_1,data mining
Chapter_1,Temperature Fluctuations
Chapter_1,Global Observational Needs
Chapter_1,Resources
Chapter_1,Marine Biodiversity
Chapter_1,Exposure
Chapter_1,Ozone Database
Chapter_1,International Global Atmospheric Chemistry
Chapter_1,IGAC
Chapter_1,Climate Model Initiative
Chapter_1,Biological annihilation
Chapter_1,sixth mass extinction
Chapter_1,vertebrate population losses
Chapter_1,Weather Forecasting
Chapter_1,Climatic Changes
Chapter_1,Great Epochs
Chapter_1,Limestone Formation
Chapter_1,Constitution
Chapter_1,Oceanic phytoplankton
Chapter_1,atmospheric sulphur
Chapter_1,Numerical Integration
Chapter_1,Barotropic Vorticity Equation
Chapter_1,Stratospheric Ozone Radiative Forcing
Chapter_1,CMIP6 Database
Chapter_1,ENSO observing system
Chapter_1,230Th dating
Chapter_1,Climate variations
Chapter_1,Central Asia
Chapter_1,Multidecade Spaceborne Lidar Record
Chapter_1,Constrain Cloud Feedback
Chapter_1,Vermote
Chapter_1,FAPAR Climate Data
Chapter_1,Smithsonian Institution
Chapter_1,multivariable benchmark
Chapter_1,Science
Chapter_1,Empire
Chapter_1,Oxford Research Encyclopedia
Chapter_1,Climate Science
Chapter_1,animal phenological responses
Chapter_1,Stable climate metrics
Chapter_1,ICOS Atmospheric Greenhouse Gas Mole
Chapter_1,final quality controlled Level 2
Chapter_1,European Research Infrastructure Consortium
Chapter_1,SISAL
Chapter_1,Speleothem Research
Chapter_1,Twentieth century Reanalysis Project
Chapter_1,convective phenomena
Chapter_1,global night marine air temperature data set
Chapter_1,Adaptive mesh refinement
Chapter_1,subgrid friction interpolation
Chapter_1,Antarctic ice dynamics
Chapter_1,Responsible Conduct
Chapter_1,Public Policy
Chapter_1,National Academy of Science
Chapter_1,National Academy of Engineering
Chapter_1,Institute of Medicine
Chapter_1,Human
Chapter_1,IGBP Newsletter
Chapter_1,Zorita
Chapter_1,preindustrial simulations
Chapter_1,Reanalyzed Precipitation Variability
Chapter_1,CONUS
Chapter_1,Enclave Vision
Chapter_1,Foreign Networks
Chapter_1,Peru
Chapter_1,Internationalization
Chapter_1,Niño Research
Chapter_1,fresh water
Chapter_1,Cald
Chapter_1,CO2 Emissions
Chapter_1,Energy Infrastructure
Chapter_1,Diurnal asymmetry
Chapter_1,Brazilian newspapers
Chapter_1,flood event management
Chapter_1,Natural Hazards
Chapter_1,Deep Convection
Chapter_1,Dense Mooring Array
Chapter_1,NDACC
Chapter_1,data assimilation system
Chapter_1,PRYSM
Chapter_1,PRoxY System Modeling
Chapter_1,Audience Segmentation
Chapter_1,Campaign Design
Chapter_1,Singapore
Chapter_1,International
Chapter_1,global economic inequality
Chapter_1,Sedproxy
Chapter_1,Human rights
Chapter_1,international climate regime
Chapter_1,ESA CCI
Chapter_1,Earth system understanding
Chapter_1,American Geographical Society
Chapter_1,Climatic cycles
Chapter_1,Carnegie
Chapter_1,climatic study
Chapter_1,Isothermal
Chapter_1,Thermic Isabnormal
Chapter_1,land surface temperature product
Chapter_1,Climate Change Denial Books
Chapter_1,Conservative Think Tanks
Chapter_1,Standardized Data Sets
Chapter_1,Climate Model Experimentation
Chapter_1,Vast Machine
Chapter_1,Computer Models
Chapter_1,Climate Data
Chapter_1,Climate science
Chapter_1,nuclear weapons research
Chapter_1,historical past
Chapter_1,Orbiting Carbon Observatory
Chapter_1,science data products
Chapter_1,Pleistocene Temperatures
Chapter_1,Antarctic ice core
Chapter_1,glacial climate variability
Chapter_1,Data
Chapter_1,proxy system modeling
Chapter_1,high resolution paleoclimatology
Chapter_1,microstructure
Chapter_1,State of the art
Chapter_1,Structural Geology
Chapter_1,Kipfstuhl
Chapter_1,gridded emissions data
Chapter_1,climate regime shift
Chapter_1,Obs4MIPs
Chapter_1,Prescribed SST Simulations
Chapter_1,Carbon Dioxide Theory
Chapter_1,Equity
Chapter_1,Narratives
Chapter_1,climate change discourse
