keyword,classification
Climate Dynamics,scientific journal
precipitation,type of meteorological phenomenon
internal variability,not climate-related
climate change,global problem
CMIP5,project
CMIP6,climate-related
bias adjustment,not climate-related
Europe,continent
American Meteorological Society,nonprofit organization
India,country
uncertainty,field of study
climate information,climate-related
regional climate information,climate-related
climate models,climate-related
CMIP5 models,climate-related
rainfall,climate-related
temperature,Wikidata qualifier
global models,climate-related
South America,continent
RCMs,not climate-related
Mediterranean,Wikimedia disambiguation page
regional climate,climate-related
South Africa,country
observations,not climate-related
regional climate change,climate-related
China,cultural region
uncertainties,Python package
regional climate models,climate-related
statistical downscaling,not climate-related
medium confidence,not climate-related
urbanization,not climate-related
RCM,Wikimedia disambiguation page
dynamical downscaling,not climate-related
Geoscientific Model Development,academic journal
Climate Change,album
Earth System Dynamics,academic journal
AR5,climate-related
Cape Town,big city
data sources,not climate-related
anthropogenic forcing,climate-related
teleconnections,not climate-related
Royal Meteorological Society,learned society
United Kingdom,country
Mediterranean region,not climate-related
drought,natural disaster
Africa,continent
irrigation,first aid
CRU TS,not climate-related
user context,not climate-related
predictors,not climate-related
anthropogenic aerosols,climate-related
soil moisture,property
GCM,Wikimedia disambiguation page
Climatic Change,scientific journal
Arctic warming,climate-related
confidence,political concept
Hydrology,album
climate services,climate-related
distillation,not climate-related
aerosols,climate-related
Internal Variability,not climate-related
CORDEX,climate-related
National Academy of Sciences,academy of sciences
Bias adjustment,not climate-related
attribution,sourcing circumstance
urban heat island,phenomenon
Uncertainty,film
global warming,human impact on the environment
regional climate projections,climate-related
Indian summer monsoon,not climate-related
ENSO,enterprise
extreme events,climate-related
distillation process,climate-related
greenhouse gases,climate-related
SMILEs,not climate-related
Urban Climate,academic journal
North America,continent
external forcing,climate-related
regional models,not climate-related
GPCC,Wikimedia disambiguation page
regional climate model,climate-related
forced response,not climate-related
Sahel rainfall,climate-related
Climate Services,academic journal
Cape Town region,not climate-related
Remote Sensing,academic journal
Australia,country
observational uncertainty,not climate-related
heatwaves,climate-related
climate projections,climate-related
West Africa,region
added value,not climate-related
global model,climate-related
RCM simulations,climate-related
Mediterranean Sea,drainage basin
Cambridge University Press,university press
human influence,not climate-related
Regional Climate Information,climate-related
North Atlantic Oscillation,musical group
AMV,Wikimedia disambiguation page
downscaling,not climate-related
Arctic amplification,climate-related
Precipitation,Wikimedia disambiguation page
HighResMIP,not climate-related
CMIP3,climate-related
interannual variability,not climate-related
precipitation changes,climate-related
aerosol emissions,climate-related
Regional Environmental Change,academic journal
Water Resources Research,scientific journal
Meteorological Society,climate-related
Intergovernmental Panel on Climate Change,nonprofit organization
modelling,economic activity
high confidence,not climate-related
convection,climate-related
weather generators,climate-related
regional,not climate-related
land use,climate-related
Sahel,region
climate variability,climate-related
evapotranspiration,climate-related
calibration,concept
reanalysis,not climate-related
quantile mapping,not climate-related
spatial patterns,not climate-related
IPCC,Wikimedia disambiguation page
GHGs,climate-related
Earth Systems,television series episode
Atlas,variable star
process understanding,not climate-related
climate model,climate-related
boundary conditions,not climate-related
climate model projections,climate-related
climate simulations,climate-related
model biases,not climate-related
Tibetan Plateau,plateau
resolution,musical term
observational data,not climate-related
driving model,not climate-related
tropical cyclones,climate-related
CMIP6 models,climate-related
GCMs,climate-related
climate change signal,climate-related
southern Africa,not climate-related
Northern Hemisphere,hemisphere of the Earth
HKH,Wikimedia disambiguation page
Oceanography,academic journal
Pakistan,country
Working Group I,not climate-related
extremes,not climate-related
regional climate change information,climate-related
land regions,not climate-related
urban areas,not climate-related
feedbacks,not climate-related
climate change projections,climate-related
precipitation extremes,climate-related
Arctic,desert
United States,country
snow cover,type of physical object
regional reanalyses,not climate-related
South Asia,region
atmospheric circulation,climate-related
spatial dependence,not climate-related
Climate Models,climate-related
statistical downscaling methods,not climate-related
Time series,not climate-related
North Africa,region
PDV,Wikimedia disambiguation page
extreme precipitation,climate-related
Dynamic Meteorology,branch of science
Global Warming,album
WMO,Wikimedia disambiguation page
Argentina,country
United States of America,Wikimedia disambiguation page
Canada,country
Climate,Wikimedia disambiguation page
surface air temperature,climate-related
Statistical downscaling,not climate-related
anthropogenic signal,climate-related
Indian monsoon rainfall,not climate-related
Southern Annular Mode,climate-related
atmospheric internal variability,climate-related
simulations,not climate-related
stratospheric ozone depletion,climate-related
poleward shift,climate-related
climate system,type of system
anthropogenic forcings,climate-related
SAM,television program
Uncertainties,book series
in situ observations,climate-related
homogenization,technique
Japan,country
Indian monsoon,monsoon
climatology,genre
Regional Climate Projections,climate-related
analogue methods,not climate-related
global model simulations,climate-related
Berkeley Earth,climate-related
diurnal cycle,not climate-related
East Asian summer monsoon,not climate-related
Attribution,encyclopedia article
aerosol,climate-related
AGCM,not climate-related
global mean warming,climate-related
robust change,climate-related
precipitation climatology,climate-related
rainfall trends,climate-related
Indian summer monsoon rainfall,climate-related
urban heat island effect,climate-related
bias correction,not climate-related
Assessment Report,not climate-related
Arctic Sea Ice Loss,climate-related
Brazil,country
anthropogenic climate change,climate-related
complex orography,climate-related
Dynamical downscaling,climate-related
statistical approaches,not climate-related
regional climate changes,climate-related
regional scale,spatial scale
Interactive Atlas,climate-related
East Asia,region
monsoon circulation,climate-related
Urbanization,climate-related
Arctic sea ice loss,climate-related
North Atlantic,Wikimedia disambiguation page
central Europe,not climate-related
Homogenization,not climate-related
Global model,not climate-related
ensemble members,not climate-related
Coupled Model Intercomparison Project,climate-related
radiative forcing,climate-related
global climate models,climate-related
drivers,not climate-related
summer precipitation,climate-related
climate science,climate-related
monsoon,not climate-related
Mediterranean climate,category in the Köppen climate classification systems
South Asian monsoon,not climate-related
Earth System Sciences,climate-related
regional climate modeling,climate-related
Israel,country
Physical Science Basis,climate-related
Climate Risk Management,academic journal
Earth System,system
Earth,Earth in science fiction
trust,basic emotion
expert judgement,not climate-related
Observations,album
Regional reanalyses,not climate-related
global reanalyses,climate-related
Global models,not climate-related
extreme temperatures,climate-related
climate change signals,climate-related
urban parametrizations,climate-related
minimum temperatures,climate-related
Cape Town drought,climate-related
solar cycle,climate-related
volcanic eruptions,climate-related
bias adjustment methods,not climate-related
GWL,Wikimedia disambiguation page
decadal variability,not climate-related
GHG,Wikimedia disambiguation page
Southern Hemisphere,hemisphere of the Earth
Asia,continent
volcanic aerosol,climate-related
Middle East,region
aerosol forcing,climate-related
land management,climate-related
model uncertainty,not climate-related
compound events,not climate-related
Technical Summary,not climate-related
monsoons,climate-related
topography,academic major
adaptation,genre
natural variability,climate-related
internal climate variability,climate-related
data assimilation,climate-related
USA,Wikimedia disambiguation page
inhomogeneities,not climate-related
data scarcity,not climate-related
model evaluation,not climate-related
Indian Ocean,sea
regional projections,not climate-related
Regional Climate Models,climate-related
Climate Change Research,climate-related
Iberian Peninsula,peninsula
Switzerland,country
cold fronts,climate-related
ENSO teleconnections,not climate-related
CMIP5 ensemble,climate-related
France,country
regional climate simulations,climate-related
temperature extremes,climate-related
southern Europe,not climate-related
tropical volcanic eruptions,climate-related
seasonality,not climate-related
Statistical Downscaling,not climate-related
temperature trends,climate-related
GHG concentrations,climate-related
ensembles,not climate-related
Internal variability,not climate-related
ensemble size,not climate-related
dynamical adjustment,not climate-related
anthropogenic aerosol,climate-related
Last Glacial Maximum,climate-related
G,consonant letter
Robustness,creative work
water resources,climate-related
heat stress,climate-related
Hindu Kush Himalaya,not climate-related
Earth system models,climate-related
Asian summer monsoon,not climate-related
Turkey,country
urban warming,climate-related
Temperature,Wikimedia disambiguation page
Earth System Science Data,climate-related
CMIP5 Models,climate-related
B,Wikimedia disambiguation page
Hindu Kush Himalaya Assessment,climate-related
Central Asia,region
Climatic,climate-related
Climate change,Wikimedia disambiguation page
Atlantic Multidecadal Variability,climate-related
European climate,climate-related
World Meteorological Organization,specialized agency of the United Nations
hot extremes,climate-related
severe convective storms,climate-related
climate extremes,climate-related
heavy precipitation,climate-related
hydrological droughts,climate-related
ecological droughts,climate-related
cold extremes,climate-related
droughts,climate-related
meteorological droughts,climate-related
tornadoes,not climate-related
global warming levels,climate-related
AED,Wikimedia disambiguation page
Rx1day,not climate-related
floods,climate-related
hydrological models,climate-related
Natural Hazards,scientific journal
Tropical Cyclones,climate-related
hail,type of meteorological phenomenon
storm surge,climate-related
meteorological drought,climate-related
North Pacific,ship
MCSs,climate-related
Observed trends,not climate-related
Extreme Precipitation,climate-related
AR6 regions,not climate-related
extreme precipitation events,climate-related
Medium confidence,not climate-related
precipitation deficits,climate-related
heat waves,climate-related
river floods,climate-related
hydrological drought,climate-related
Central Europe,region
TC frequency,climate-related
heavy precipitation events,climate-related
TXx,not climate-related
Australasia,region
probability,probability measure
Central America,subcontinent
Rx5day,not climate-related
extreme rainfall,climate-related
soil moisture deficits,climate-related
TC translation speed,not climate-related
SREX,not climate-related
observed trends,not climate-related
Southern Africa,region
ETCs,climate-related
wildfires,climate-related
concurrent extremes,climate-related
greenhouse gas forcing,climate-related
atmospheric evaporative demand,climate-related
extratropical cyclones,climate-related
global surface temperature,climate-related
extreme winds,climate-related
anthropogenic influence,climate-related
Southern Australia,area
northern Africa,not climate-related
Precipitation Extremes,climate-related
sea level rise,phenomenon
event attribution,climate-related
magnitude,concept
uncertainty range,not climate-related
Common Era,calendar era
heat extremes,climate-related
warm days,climate-related
Northern Europe,region
CORDEX simulations,climate-related
Drought,album
pluvial floods,climate-related
flash floods,climate-related
human contribution,climate-related
extreme weather events,climate-related
UK,Wikimedia disambiguation page
low confidence,not climate-related
ESMs,climate-related
cold days,climate-related
anthropogenic warming,climate-related
surface soil moisture,climate-related
poleward migration,not climate-related
western North Pacific,not climate-related
medicanes,not climate-related
Climate Extremes,climate-related
hot temperature extremes,climate-related
heatwave days,climate-related
Hurricane Harvey,Category 4 hurricane
tropical cyclone activity,climate-related
Paris Agreement,treaty
CMIP5 projections,climate-related
extreme temperature,climate-related
regional studies,not climate-related
New Zealand,country
Central Africa,region
CMIP6 simulations,climate-related
Amazon,river
Human influence,not climate-related
runoff,term
El Niño,type of meteorological phenomenon
Clim,Wikimedia disambiguation page
land areas,climate-related
ecological drought,climate-related
event attribution studies,climate-related
dynamical intensity,climate-related
emissions scenarios,climate-related
dynamic processes,not climate-related
lightning,type of meteorological phenomenon
flooding,sports terminology
tropics,region
extreme,climate-related
Central North America,not climate-related
flood frequency,climate-related
human activities,not climate-related
extreme storms,climate-related
GWLs,climate-related
cold nights,climate-related
global studies,academic major
South East Asia,not climate-related
Mexico,country
anthropogenic influences,climate-related
Ethiopia,country
East Africa,region
Chile,country
extreme El Niño,climate-related
TC activity,not climate-related
western,not climate-related
Spain,country
rology,not climate-related
Indonesia,country
America,album
aerosol concentrations,climate-related
atmospheric rivers,climate-related
intense TCs,not climate-related
land area,climate-related
warm extremes,climate-related
overlay,plate
wind speed,Wikidata property related to sport
circulation patterns,climate-related
Extreme precipitation,climate-related
High confidence,not climate-related
concurrent heatwaves,climate-related
global,JavaScript library
indices,not climate-related
hydrological cycle,climate-related
HadEX3,climate-related
Event Attribution,not climate-related
warm nights,climate-related
Northern Australia,area
streamflow,climate-related
river basins,climate-related
groundwater,climate-related
drought severity,climate-related
low flows,climate-related
drought frequency,climate-related
TCs,not climate-related
cyclones,climate-related
MET,gene
Total Environment,literary work
fire weather,climate-related
human water management,climate-related
precipitation intensity,climate-related
global mean temperature,climate-related
dynamic changes,climate-related
high latitudes,climate-related
subtropics,region
Western Europe,region
Severe convective storms,climate-related
LLHI events,climate-related
drought events,climate-related
Arabian Peninsula,peninsula
spatial pattern,not climate-related
Eastern Australia,not climate-related
rainfall extremes,climate-related
flood events,climate-related
tree mortality,climate-related
drought indices,climate-related
soil moisture limitation,climate-related
environmental conditions,climate-related
Soil moisture,climate-related
Singapore,city
CDD,Wikimedia disambiguation page
SPI,Wikimedia disambiguation page
CO2 effects,climate-related
CAPE,not climate-related
satellite observations,not climate-related
Saudi Arabia,country
Western North Pacific,not climate-related
Heavy Rain Event,climate-related
Extreme Rainfall,climate-related
Eastern China,not climate-related
Southeast Asia,region
Anthropogenic Climate Change,climate-related
Heat Waves,single
Iran,country
Irrigation,Wikimedia disambiguation page
soil moisture limitations,climate-related
poleward shifts,climate-related
compound flooding,climate-related
Tornadoes,not climate-related
Droughts,climate-related
land cover,climate-related
annual,not climate-related
extreme rainfall events,climate-related
diagonal lines,not climate-related
air temperature,climate-related
relative humidity,Wikidata qualifier
aridity,climate-related
high temperatures,climate-related
coastal regions,not climate-related
mean temperature,climate-related
extreme temperature events,climate-related
box plot,data visualization
ts,gene
projected changes,climate-related
Global,Wikimedia disambiguation page
TC rain rates,climate-related
storm surges,climate-related
spatial scales,not climate-related
ERA5,meteorological reanalysis
California,U.S. state
robustness,philosophical concept
temperature variability,climate-related
TNn,not climate-related
TX90p,not climate-related
maximum temperatures,climate-related
Supplementary Material,not climate-related
extreme precipitation indices,climate-related
Romania,country
Netherlands,country
Western Africa,not climate-related
flood hazard,climate-related
Precipitation Deficits,not climate-related
Soil Moisture Deficits,climate-related
vegetation stress,climate-related
PDSI,not climate-related
stomatal conductance,not climate-related
hail storms,climate-related
Bay of Bengal,body of water
Philippines,country
CMIP5 GCMs,climate-related
surface temperature,climate-related
Meteorology,written work
CMIP5 simulations,climate-related
The,Wikimedia disambiguation page
Anthropogenic Influence,climate-related
Tropical Cyclone Activity,climate-related
small islands,not climate-related
shoreline retreat,climate-related
landslides,climate-related
agriculture,field of work
Global Change Biology,periodical
CIDs,not climate-related
GSAT,spacecraft series
sandy coasts,climate-related
Climate services,climate-related
ecosystems,climate-related
Antarctica,continent
coastal flooding,climate-related
GMSL change,climate-related
ocean acidification,climate-related
frost days,climate-related
MHWs,climate-related
polar regions,not climate-related
dust storms,climate-related
marine heatwaves,climate-related
land subsidence,climate-related
National Climate Assessment,climate-related
Global Change Research Program,climate-related
coastal erosion,natural phenomenon
permafrost,soil type
MHW,Wikimedia disambiguation page
Hawaii,U.S. state
risk assessment,field of study
human health,medicine
Marine heatwaves,climate-related
Relative sea level rise,climate-related
Alaska,U.S. state
river flooding,climate-related
ice storms,climate-related
risk management,field of study
Coastal erosion,climate-related
median return periods,not climate-related
sea ice,climate-related
Vietnam,country
Low confidence,not climate-related
Global Environmental Change,scientific journal
Working Group II,not climate-related
desertification,climate-related
food security,type of security
confidence levels,not climate-related
CID change signal,climate-related
CAR,Wikimedia disambiguation page
Arctic Ocean,ocean
Mastrandrea,family name
land uplift,climate-related
Amazon basin,drainage basin
mean precipitation,climate-related
active layer thickness,climate-related
natural,album
Alps,mountain range
Greenland,island country
CSIRO,climate-related
infrastructure,type of structure
climate,natural environment
35°C,climate-related
land degradation,climate-related
terrestrial ecosystems,climate-related
fisheries,not climate-related
fire weather indices,climate-related
snow water equivalent,physical quantity
SROCC,climate-related
shoreline position change,climate-related
high,musical concept
WindMean wind speed,climate-related
RSLR projections,climate-related
Russia,country
Permafrost,album
Southern Ocean,ocean
wind power potential,climate-related
Colombia,country
Pacific,tram stop
Risk Assessment,scholarly chapter
Arctic sea ice,climate-related
Arctic regions,climate-related
Madagascar,island country
CID,television series
user engagement,not climate-related
CID indices,climate-related
coastal ecosystems,climate-related
health,goods
sustainable land management,climate-related
greenhouse gas fluxes,climate-related
sectoral assets,not climate-related
Floods,single
snow avalanches,climate-related
relative sea level,climate-related
AR6 WGI Reference Regions,climate-related
cold spells,climate-related
wind speeds,climate-related
IceSnow,climate-related
RSLR rates,not climate-related
satellite altimetry,climate-related
Median shoreline change projections,climate-related
sea ice loss,climate-related
Bangladesh,country
wildfire,fire type
projected climate change,climate-related
Caribbean,archipelago
Pyrenees,mountain range
European Alps,television series episode
western United States,not climate-related
Amazonia,Wikimedia disambiguation page
Anthropocene,scientific journal
Geomorphology,periodical
climate warming,climate-related
Climate Change Information,climate-related
spatial extent,not climate-related
Small Islands,not climate-related
tropical forests,climate-related
biodiversity hotspots,climate-related
Tropical cyclones,climate-related
tropical areas,climate-related
sustainable development,type of policy
tourism,climate-related
society,concept
Landslides,scientific journal
glaciers,not climate-related
episodic coastal erosion,climate-related
marine ecosystems,climate-related
Pacific coast,not climate-related
river discharge,climate-related
Bar plots,not climate-related
Q100,Wikimedia disambiguation page
Q100 changes,not climate-related
model ensemble values,not climate-related
pluvial flood,climate-related
regional mean RSL change,climate-related
Regional mean RSLR projections,climate-related
Marine heatwave,climate-related
glacier retreat,climate-related
river ice,climate-related
South Island,island
Western Australia,state of Australia
evaporative demand,climate-related
French Alps,mountain range
Western North America,region
western USA,not climate-related
Pacific small islands,not climate-related
Puerto Rico,insular area of the United States
Russian Arctic,not climate-related
Disaster Risk Reduction,climate-related
Public Health,scientific journal
Sectoral,not climate-related
Fifth Assessment Report,not climate-related
Sustainability,academic journal
Commonwealth Scientific and Industrial Research Organisation,research institute
acidification,climate-related
Renewable Energy,Wikimedia disambiguation page
tropical regions,not climate-related
emissions scenario,climate-related
relative sea level rise,climate-related
water cycle,climate-related
storms,climate-related
climate scenarios,climate-related
sandy shorelines,climate-related
climate change information,climate-related
resilience,Wikimedia disambiguation page
risk assessments,not climate-related
earthquakes,climate-related
seasonal timing,not climate-related
Mean air temperature,climate-related
risk,probability
mortality,dying
crops,not climate-related
livestock,organisms known by a particular common name
mass movements,not climate-related
increased,not climate-related
air pollution,type of pollution
seasonal snow cover,climate-related
glacial lakes,climate-related
permafrost temperature,climate-related
coastal inundation,climate-related
coral reefs,climate-related
maximum temperature,climate-related
North,album
unit catchment area,climate-related
Hydrological drought,climate-related
wind energy potential,climate-related
occurrence frequency,not climate-related
Russian Far East,human-geographic territorial entity
ColdMean air temperature,climate-related
Asian regions,not climate-related
Nepal,country
water scarcity,climate-related
glacier mass,not climate-related
heavy snowfall events,climate-related
ETWL,climate-related
shoreline retreat rates,climate-related
Heat stress,climate-related
North Island,island
SLR,Wikimedia disambiguation page
Peru,sovereign state
Andes Cordillera,not climate-related
GMSL,not climate-related
Mediterranean areas,not climate-related
flood risk,climate-related
NEU,album
snowpack,physical phenomenon
Black Sea,adjacent sea
Eastern North America,not climate-related
western tropical Pacific,not climate-related
global oceans,climate-related
Iceland,country
Biodiversity,scientific journal
Swiss Alps,tourist attraction
Sea Level Rise,climate-related
Asian Development Bank,public company
Forest Meteorology,climate-related
Intergovernmental Panel,not climate-related
AR6,not climate-related
CO2 emissions,climate-related
WGI,Wikimedia disambiguation page
GMST,Wikimedia disambiguation page
UNFCCC,climate-related
SSP scenarios,not climate-related
GHG emissions,climate-related
chapter data table,not climate-related
radiative forcings,climate-related
CMIP,Wikimedia disambiguation page
climate sensitivity,climate-related
ipcc,not climate-related
sea level,zero-level elevation
Working Groups,not climate-related
global surface air temperature,climate-related
methane,type of chemical entity
cumulative CO2 emissions,climate-related
history,list of UNIX commands
global stocktake,not climate-related
climate change mitigation,field of work
SSP,Wikimedia disambiguation page
carbon cycle,climate-related
anthropogenic emissions,climate-related
EMICs,climate-related
climate model simulations,climate-related
carbon budget,Wikimedia article covering multiple topics
cumulative carbon emissions,climate-related
biodiversity,climate-related
ice sheets,climate-related
nitrous oxide,type of chemical entity
ocean warming,climate-related
CO2 concentrations,climate-related
SSPs,not climate-related
transient climate response,climate-related
deep uncertainty,not climate-related
IPCC assessments,climate-related
ocean heat content,climate-related
natural variations,climate-related
AR6 WGI,not climate-related
cryosphere,climate-related
reanalyses,not climate-related
global mean surface temperature,climate-related
global mean sea level,climate-related
global temperature,climate-related
equilibrium climate sensitivity,climate-related
ocean reanalyses,climate-related
RCPs,climate-related
UNEP,Wikimedia disambiguation page
Royal Society,organization
IPCC Fifth Assessment Report,IPCC report
vulnerability,not climate-related
Atlantic Meridional Overturning Circulation,climate-related
ECS,Wikimedia disambiguation page
AMOC,Wikimedia disambiguation page
clouds,climate-related
paleoclimate archives,climate-related
WGI Assessment,climate-related
SLCFs,climate-related
ecosystem services,climate-related
Montreal Protocol,treaty
carbon budgets,climate-related
climate policy,climate-related
water vapour,climate-related
Antarctic ice sheets,climate-related
Aerosols,climate-related
climate modelling,climate-related
RCP scenarios,not climate-related
thermohaline circulation,climate-related
Atmospheric Measurement Techniques,academic journal
Oxford University Press,organization
Carbon Dioxide,climate-related
Framing,Wikimedia disambiguation page
greenhouse gas emissions,climate-related
volcanic activity,geologic term
human activity,not climate-related
AR,Wikimedia disambiguation page
paleoclimate reconstructions,climate-related
climate variables,climate-related
climate response,climate-related
scientific literature,literary genre
Report,television program
Sustainable Development Goals,plan
WGII,not climate-related
IPCC Sixth Assessment Cycle,climate-related
tipping points,not climate-related
Ecosystem Services,climate-related
Greenland Ice Sheet,climate-related
ozone,allotrope of oxygen
calibrated language,not climate-related
expert judgment,not climate-related
IPCC AR6,climate-related
climate impacts,climate-related
Earth System Grid Federation,climate-related
local knowledge,knowledge type
Third Assessment Report,not climate-related
solar irradiance,Wikidata property for physical quantities
global climate,climate-related
ESM,Wikimedia disambiguation page
IPCC assessment reports,climate-related
Antarctic Ice Sheet,climate-related
anthropogenic CO2 emissions,climate-related
climate indicators,climate-related
solar activity,climate-related
time series,not climate-related
climate change impacts,climate-related
scenario uncertainty,not climate-related
Pliocene,series
global carbon cycle,climate-related
climate change research,academic discipline
climate policies,climate-related
CDR,Wikimedia disambiguation page
greenhouse gas concentrations,climate-related
Extreme Events,climate-related
National Academies Press,organization
Shared Socioeconomic Pathways,climate-related
GHG emissions scenario,climate-related
Holocene,series
Paleoceanography,scientific journal
ERF,Wikimedia disambiguation page
MPWP,climate-related
LGM,Wikimedia disambiguation page
LIG,holding company
NH,Wikimedia disambiguation page
global ocean,climate-related
proxy records,climate-related
instrumental period,not climate-related
AIS,Wikimedia disambiguation page
PETM,climate-related
lower stratosphere,climate-related
LDT,Wikimedia disambiguation page
TSI,Wikimedia disambiguation page
GrIS,not climate-related
ice cores,climate-related
Walker circulation,cellular circulation
Qu,Chinese family name
Hadley circulation,climate-related
instrumental record,not climate-related
AMM,musical group
SWV,Wikimedia disambiguation page
MODIS,climate-related
OLS regression,not climate-related
sea surface temperature,climate-related
SST,Wikimedia disambiguation page
deglaciation,natural process
North Atlantic Ocean,sea
tropospheric ozone,climate-related
upper troposphere,climate-related
seasonal cycle,not climate-related
Medieval Climate Anomaly,climate-related
proxies,not climate-related
EECO,climate-related
El Niño events,climate-related
AZM,Wikimedia disambiguation page
surface temperatures,climate-related
ENSO activity,climate-related
South Atlantic,Wikimedia disambiguation page
SIA,business
ocean,climate-related
Pacific Decadal Oscillation,climate-related
mass loss,climate-related
Last Interglacial,"version, edition or translation"
marine organisms,climate-related
phenological metrics,not climate-related
growing season,not climate-related
CE,Wikimedia disambiguation page
IOD,Wikimedia disambiguation page
spatial coverage,not climate-related
datasets,Python package
ALT,album
OHC,Wikimedia disambiguation page
Global Biogeochemical Cycles,scientific journal
Nature,academic journal
last,former
interglacial periods,climate-related
1750,common year starting and ending on Thursday
stratosphere,atmospheric layer
tropopause height,climate-related
global hydrological cycle,climate-related
decadal means,climate-related
ocean interior,climate-related
phytoplankton,organisms known by a particular common name
monsoon systems,climate-related
atmospheric CO2,climate-related
Little Ice Age,ice age
marine sediments,climate-related
ice core records,climate-related
Ozone Depletion,climate-related
albedo,Wikidata property for items about astronomical objects
data coverage,not climate-related
TCWV,not climate-related
ITCZ,Wikimedia disambiguation page
NMAT,not climate-related
ice sheet,not climate-related
lake sediments,climate-related
ENSO variability,climate-related
tree rings,not climate-related
IOB,Wikimedia disambiguation page
North Atlantic climate,climate-related
Global Ozone,climate-related
PMIP4,not climate-related
interglacial,climate-related
satellite era,not climate-related
surface open ocean pH,climate-related
chlorophyll concentration,climate-related
CO2 concentration,climate-related
insolation,climate-related
glacier ice,climate-related
satellite data,not climate-related
deforestation,process
SST anomalies,climate-related
interglacial period,climate-related
interpolation,literary term
observational datasets,not climate-related
evaporation,phase change
austral summer,not climate-related
subpolar North Atlantic,climate-related
Ross Sea,sea
Antarctic sea ice,drift ice
East Antarctica,region
permafrost temperatures,climate-related
Gulf Stream,ocean current
marine primary production,climate-related
ENSO amplitude,climate-related
Walker Circulation,climate-related
Periglacial Processes,climate-related
table,data visualization
biases,climate-related
mean state,not climate-related
natural forcing,climate-related
CO2 fertilization,climate-related
model performance,not climate-related
greenhouse gas increases,climate-related
ozone depletion,environmental issue
global monsoon,not climate-related
Pacific Decadal Variability,climate-related
HighResMIP models,climate-related
CM,Wikimedia disambiguation page
natural forcings,climate-related
boreal winter,climate-related
confidence interval,not climate-related
forcing,scientific technique
variability threshold,not climate-related
models,not climate-related
standard deviation,statistical dispersion
orbital forcing,natural phenomenon
greenhouse gas,climate-related
observational uncertainties,not climate-related
CMIP5 climate models,climate-related
Ocean Modelling,scientific journal
spatial structure,concept
observational estimates,not climate-related
attribution studies,not climate-related
individual models,not climate-related
SST biases,climate-related
Atlantic Multidecadal Oscillation,climate-related
coupled models,not climate-related
external forcings,climate-related
robust signal,climate-related
HadCRUT5,climate-related
GSAT warming,climate-related
volcanic forcing,climate-related
simulated trends,not climate-related
ocean heat uptake,climate-related
whiskers,class of anatomical entity
carbon uptake,climate-related
warm bias,climate-related
ACC,Wikimedia disambiguation page
NAO,Wikimedia disambiguation page
IOB mode,not climate-related
tropical Atlantic,not climate-related
Interdecadal Pacific Oscillation,meteorological phenomenon
tropospheric warming,climate-related
CMIP6 historical simulations,climate-related
anthropogenic contribution,climate-related
upper ocean,climate-related
Climate Variability,climate-related
regression coefficients,not climate-related
horizontal resolution,not climate-related
observational products,not climate-related
historical simulations,not climate-related
stratospheric ozone,climate-related
GMST trends,climate-related
tropical Pacific,not climate-related
CMIP3 models,climate-related
interquartile ranges,not climate-related
anthropogenic aerosol forcing,climate-related
model resolution,not climate-related
partial pressure,climate-related
NAM,video game
teleconnection,meteorological phenomenon
Human Influence,not climate-related
mean,umbrella term
Pacific Walker circulation,climate-related
ocean heat content increase,climate-related
Northern Annular Mode,climate-related
storm track,climate-related
detection,not climate-related
temperature proxies,climate-related
temperature reconstructions,climate-related
GSAT changes,not climate-related
equatorial Pacific,not climate-related
proxy reconstructions,climate-related
aerosol influence,climate-related
CMIP models,climate-related
model errors,not climate-related
AMIP simulations,climate-related
global monsoon precipitation,climate-related
blocking frequency,climate-related
SSWs,not climate-related
large ensemble simulations,not climate-related
surface mass balance,climate-related
salinity,Wikidata property for items about bodies of water
Atlantic Ocean,ocean
coupled climate models,climate-related
leaf area index,climate-related
summertime SAM,not climate-related
ENSO index,climate-related
Atlantic Niño,not climate-related
global warming hiatus,climate
Atlantic multidecadal variability,not climate-related
Global Monsoon,climate-related
Atlantic meridional overturning circulation,ocean current
Anthropogenic Aerosols,climate-related
Earth System Model,climate-related
Zwiers,Wikimedia disambiguation page
Antarctic Sea Ice,climate-related
chapter,Wikidata property to indicate a source
SRM,Wikimedia disambiguation page
GSAT change,climate-related
Diagonal lines,not climate-related
Arctic sea ice area,climate-related
precipitation change,climate-related
global precipitation,climate-related
TCR,Wikimedia disambiguation page
global land precipitation,climate-related
decadal predictions,climate-related
conflicting signals,not climate-related
global mean precipitation,climate-related
ENSO SST variability,climate-related
model simulations,not climate-related
CMIP6 projections,climate-related
overshoot,not climate-related
ozone recovery,climate-related
geoengineering,branch of engineering
SAI,raster graphics editor
MCB,Wikimedia disambiguation page
volcanic eruption,volcanic eruption
GSAT projections,climate-related
storm tracks,climate-related
Climate Response,climate-related
emissions reductions,climate-related
initialization,not climate-related
pattern scaling,not climate-related
SAM index,not climate-related
CDR options,not climate-related
Geoengineering Model Intercomparison Project,climate-related
GeoMIP,climate-related
IPCC Special Report,climate-related
regional differences,not climate-related
CO2 forcing,climate-related
polar amplification,natural phenomenon
ZEC50,not climate-related
greenhouse warming,climate-related
global climate change,climate-related
forced changes,climate-related
mitigation benefits,climate-related
solar radiation modification,climate-related
Earth system,climate-related
Arctic Sea Ice,climate-related
CMIP6 model,climate-related
projected spatial patterns,climate-related
boreal summer,climate-related
net negative CO2 emissions,climate-related
climate engineering,climate-related
marine cloud brightening,climate-related
chemistry,field of study
CCT,Wikimedia disambiguation page
annual mean precipitation,climate-related
global greenhouse gas emission pathways,climate-related
Representative Concentration Pathways,trajectory
surface warming,climate-related
global land monsoon precipitation,climate-related
central estimate,not climate-related
projections,climate-related
ScenarioMIP,not climate-related
structural uncertainty,not climate-related
decadal climate predictions,climate-related
North Atlantic subpolar gyre,climate-related
stabilization scenarios,not climate-related
global surface warming,climate-related
annual mean GSAT,not climate-related
September,calendar month
emissions,climate-related
Arctic sea ice extent,climate-related
Earth system model,climate-related
ocean carbon flux,climate-related
rainfall variability,climate-related
Volcanic Eruptions,climate-related
natural climate variability,climate-related
thermosteric sea level,climate-related
monsoon regions,not climate-related
ocean circulation,field of study
SRM options,climate-related
stratospheric dynamics,climate-related
global mean cooling,climate-related
Climate response,climate-related
poverty,status
stratospheric aerosol geoengineering,climate-related
solar geoengineering,climate-related
TCRE,Wikimedia disambiguation page
permafrost thaw,climate-related
photosynthesis,biological process
Earth system feedbacks,climate-related
CH4 emissions,climate-related
N2O emissions,climate-related
airborne fraction,climate-related
cumulative emissions,climate-related
ocean sink,climate-related
CH4,Wikimedia disambiguation page
anthropogenic CO2,climate-related
carbon budget estimates,climate-related
atmospheric inversions,climate-related
ocean carbon uptake,climate-related
CMIP6 ESMs,climate-related
afforestation,climate-related
Bio,Wikimedia disambiguation page
CO2,Wikimedia disambiguation page
land carbon storage,climate-related
carbon sequestration,climate change mitigation
carbon storage,pattern in nature
ZEC,not climate-related
biochar,soil conditioner
Ocean Acidification,Congressional Research Service report
DGVMs,climate-related
methane emissions,climate-related
Biochar,scientific journal
biogeochemical cycles,climate-related
surface ocean,climate-related
CDR methods,not climate-related
denitrification,climate-related
land carbon sink,climate-related
ocean carbon sinks,climate-related
wetlands,climate-related
vegetation,botanic term
ensemble mean,not climate-related
respiration,rhythmic process
SSTs,climate-related
Deep Sea Research,scientific journal
industrial era,not climate-related
soil carbon,climate-related
carbon sinks,climate-related
CO2 fertilization effect,result
2,year
ocean carbon sink,climate-related
permafrost carbon,climate-related
Geophysical Research,climate-related
fossil fuels,climate-related
buffering capacity,climate-related
CO2 sinks,climate-related
zero emissions commitment,climate-related
negative emissions,climate-related
Methane emissions,climate-related
carbon stocks,climate-related
BECCS,climate-related
permafrost region,climate-related
observational constraints,not climate-related
eutrophication,process
carbon dioxide,trace gas
Biogeochemistry,scientific journal
nitrous oxide emissions,climate-related
Topical Studies,not climate-related
Biogeochemical Cycles,climate-related
biomass burning,climate-related
wetland emissions,climate-related
manure,not climate-related
LULUCF flux,climate-related
carbon fluxes,climate-related
temporal variability,not climate-related
nitrogen deposition,climate-related
nitrogen cycle,climate-related
coastal ocean,climate-related
OMZs,not climate-related
biogeochemistry,branch of chemistry
primary production,not climate-related
Earth System Models,climate-related
land carbon uptake,climate-related
productivity,metric
permafrost carbon feedbacks,climate-related
blended global mean SAT,climate-related
carbon cycle response,climate-related
intermediate complexity,not climate-related
ventilation,material flow
carbon sink,concept
soil respiration,climate-related
biogeochemical feedbacks,climate-related
carbonate chemistry,climate-related
ocean biogeochemistry,climate-related
fluxes,climate-related
terrestrial carbon cycle,climate-related
upwelling,ocean current
forestry,industry
fossil CO2 emissions,climate-related
cement production,climate-related
soils,climate-related
GOBMs,not climate-related
inversions,not climate-related
carbon capture,climate-related
landfills,climate-related
coal mining,climate-related
4,year
inland waters,climate-related
nitrification,climate-related
nutrient availability,climate-related
Baltic Sea,marginal sea
elevated CO2,climate-related
peatlands,climate-related
temperature response,climate-related
pathway independence,not climate-related
reforestation,climate-related
terrestrial carbon sink,climate-related
global change,climate-related
atmospheric methane,climate-related
land sinks,climate-related
anthropogenic activities,climate-related
oceanic N2O emissions,climate-related
ocean CO2 sink,climate-related
land sink,climate-related
carbon release,climate-related
CO2 release,climate-related
non-CO2 emissions,climate-related
CO,Wikimedia disambiguation page
carbon cycle processes,climate-related
food production,not climate-related
climate stabilization,climate-related
meridional overturning circulation,climate-related
negative feedbacks,not climate-related
negative feedback,not climate-related
net primary production,indicator
ocean ventilation,climate-related
anthrop,climate-related
growth rates,not climate-related
ice age,not climate-related
iron fertilization,climate-related
anthropogenic carbon,climate-related
CO2 sink,climate-related
CO2 fluxes,climate-related
ocean carbon storage,climate-related
wind stress,climate-related
ocean carbonate chemistry,climate-related
tropical oceans,climate-related
land CO2 sink,climate-related
interannual variations,not climate-related
transpiration,biological process
deep ocean,climate-related
soil carbon stocks,climate-related
enteric fermentation,not climate-related
permafrost soils,climate-related
N2O production,climate-related
ocean deoxygenation,climate-related
pH decline,not climate-related
alkalinity,quality
deoxygenation,chemical reaction
warming,climate-related
CMIP5 ESMs,climate-related
northern permafrost region,climate-related
organic carbon,climate-related
permafrost carbon feedback,climate-related
global ocean carbon sink,climate-related
carbon cycle feedbacks,climate-related
non,not climate-related
predictive skill,not climate-related
predictability,system characteristic
UVic ESCM,not climate-related
crop yields,not climate-related
air quality,climate-related
SLCF emissions,climate-related
Eastern Asia,ship
surface ozone,climate-related
Southern Asia,Wikimedia disambiguation page
HFCs,climate-related
air pollution control,climate-related
NOx,climate-related
SLCF,not climate-related
black carbon,climate-related
waste management,industry
sulphate aerosols,climate-related
air pollutants,climate-related
methane lifetime,climate-related
Kigali Amendment,not climate-related
BVOC emissions,climate-related
CCMs,climate-related
SO2 emissions,climate-related
NOx emissions,climate-related
atmospheric chemistry,branch of chemistry
NMVOCs,climate-related
AerChemMIP,climate-related
carbonaceous aerosols,climate-related
industry,Wikidata property for items about organizations
Latin America,region
methane mitigation,climate-related
Air Quality,course
nitrate aerosols,climate-related
aviation,industry
BC,Wikimedia disambiguation page
GSAT response,not climate-related
ammonia,type of chemical entity
ACCMIP,climate-related
LLGHGs,climate-related
particulate matter,climate-related
carbon monoxide,type of chemical entity
atmospheric composition,climate-related
BVOCs,climate-related
chemical composition,measurand
Air quality,climate-related
SDGs,climate-related
open biomass burning,climate-related
Climate Model Intercomparison Project,climate-related
DMS,Wikimedia disambiguation page
tropospheric OH,climate-related
hydrofluorocarbons,climate-related
organic aerosols,climate-related
climate feedback,climate-related
Community Emissions Data System,climate-related
NH3,gene
spatial distribution,not climate-related
isoprene,type of chemical entity
tropospheric ozone burden,climate-related
Time evolution,not climate-related
Satellite Observations,not climate-related
aerosol ERF,climate-related
thermal inertia,climate-related
effective radiative forcing,climate-related
feedback parameter,climate-related
lightning NOx,climate-related
SSP3,gene
LCFs,climate-related
lightning NOx emissions,climate-related
nitric acid,type of chemical entity
AeroCom,not climate-related
AOD,Wikimedia disambiguation page
sulphate,not climate-related
ERFs,not climate-related
Atmospheric Chemistry,climate-related
halogenated compounds,climate-related
ozone precursors,climate-related
World Health Organization,international organization
WHO,radio station
climate effects,climate-related
radiative effects,not climate-related
SLCF mitigation,climate-related
fossil fuel use,climate-related
economic growth,economic phenomenon
biomass burning emissions,climate-related
chemical mechanisms,climate-related
ozone precursor emissions,climate-related
ammonium nitrate,type of chemical entity
ammonia emissions,climate-related
optical properties,climate-related
impulse response function,not climate-related
cooling effect,climate-related
meteorology,branch of science
S,consonant letter
shipping,not climate-related
United Nations Environment Programme,nonprofit organization
HFC emissions,climate-related
Kenya,country
radiative feedbacks,not climate-related
total aerosol ERF,climate-related
climate feedbacks,climate-related
ERFaci,not climate-related
cloud feedbacks,climate-related
Climate Sensitivity,climate-related
SARF,Wikimedia disambiguation page
feedback,musical ensemble
net feedback parameter,not climate-related
IRFaci,not climate-related
global energy inventory,climate-related
emergent constraints,not climate-related
emissions metrics,climate-related
emulators,climate-related
tropospheric adjustments,climate-related
surface albedo,climate-related
IRFari,not climate-related
cloud feedback,climate-related
forcing agents,not climate-related
Radiative Forcing,climate-related
surface solar radiation,climate-related
LWP,Wikimedia disambiguation page
TOA,Wikimedia disambiguation page
effective ECS,climate-related
Climate Feedbacks,climate-related
radiative response,not climate-related
E,vowel letter
aerosol effects,climate-related
pattern effect,not climate-related
ERFari,not climate-related
ESM simulations,climate-related
GWP,Wikimedia disambiguation page
global energy budget,climate-related
solar radiation,climate-related
radiative efficiencies,climate-related
Planck response,not climate-related
lapse rate,not climate-related
stratospheric water vapour,climate-related
CGTP,Wikimedia disambiguation page
energy budget,measurand
cloud fraction,climate-related
GTP,Wikimedia disambiguation page
radiative fluxes,climate-related
tropospheric adjustment,climate-related
ice clouds,climate-related
MAGICC7,not climate-related
net climate feedback,climate-related
boron isotopes,climate-related
surface temperature response,climate-related
global surface temperature change,climate-related
transient warming,climate-related
Forcing,Wikimedia disambiguation page
CERES,spacecraft constellation
aerosol cooling,climate-related
Equilibrium Climate Sensitivity,climate-related
thermal radiation,climate-related
TOA energy budget,climate-related
climate state,climate-related
confidence range,not climate-related
radiative flux,term
IRF,Wikimedia disambiguation page
WMGHGs,climate-related
energy budget constraints,climate-related
cloud albedo,climate-related
cirrus clouds,climate-related
cloud regimes,climate-related
paleoclimate proxies,climate-related
radiative feedback,not climate-related
paleoclimate record,climate-related
Polar amplification,climate-related
Early Eocene,not climate-related
pattern effects,not climate-related
time horizon,property
contrails,climate-related
paleoclimates,not climate-related
cumulative CO2 equivalent emissions,climate-related
CO2 equivalent emissions,climate-related
aerosol radiative forcing,climate-related
Emissions metrics,climate-related
aerosol optical depth,climate-related
OHC change,climate-related
ER,television series
LWP adjustment,climate-related
cloud properties,climate-related
convective clouds,climate-related
historical warming,climate-related
TOA radiation,climate-related
net cloud feedback,climate-related
Arctic cloud feedback,climate-related
non-CO2 biogeochemical feedbacks,climate-related
shortwave cloud feedbacks,climate-related
equilibrium warming,climate-related
atmospheric heat transport,climate-related
CO2 doubling,climate-related
Earth energy imbalance,climate-related
anthropogenic ERF,climate-related
paleoclimate data,climate-related
climate metrics,climate-related
global surface temperature response,climate-related
instantaneous radiative forcing,climate-related
uncertainty ranges,not climate-related
satellite retrievals,not climate-related
integrated radiative response,climate-related
integrated radiative forcing,climate-related
tropopause,atmospheric or interstellar boundary
tropospheric temperature,climate-related
radiative kernels,not climate-related
biogeophysical feedbacks,climate-related
dust,complex mixture
Surface Temperature,climate-related
cloud changes,climate-related
INPs,not climate-related
AI,Wikimedia disambiguation page
central estimates,not climate-related
cloud cover,climate-related
radiative properties,not climate-related
radiative efficiency,climate-related
feedback parameters,climate-related
constant relative humidity,climate-related
ice crystals,climate-related
biogeophysical feedback parameter,climate-related
individual feedbacks,not climate-related
Feedbacks,not climate-related
coupled ESMs,climate-related
latitudinal structure,not climate-related
Eocene,series
instrumental temperature record,climate-related
sensitivity,quality
Warm states,climate-related
Transient Climate Response,climate-related
high climate sensitivity,climate-related
Radiative forcing,climate-related
ISMIP6,not climate-related
MICI,not climate-related
SMB,Wikimedia disambiguation page
MISI,not climate-related
Greenland ice sheet,ice sheet
ESL,Wikimedia disambiguation page
WAIS,radio station
SROCC assessment,climate-related
sea ice cover,climate-related
Glaciology,not climate-related
marine ice cliff instability,climate-related
sea level change,climate-related
sea level projections,climate-related
GMSL rise,not climate-related
peak warming,climate-related
Amundsen Sea Embayment,climate-related
GMSL projections,climate-related
tide gauges,climate-related
Weddell Sea,marginal sea
Nordic Seas,climate-related
deep convection,climate-related
peripheral glaciers,climate-related
ISMIP6 emulator,not climate-related
sea level contribution,climate-related
Physical Oceanography,academic journal
surface melt,climate-related
Glaciers,album
sea level budget,climate-related
GlacierMIP,not climate-related
Labrador Sea,sea
calving,climate-related
Thwaites Glacier,glacier
glacier mass loss,climate-related
ice shelves,climate-related
Indonesian Throughflow,ocean current
snowfall,painting
CMIP6 ensemble,climate-related
overturning,term
subpolar gyre,climate-related
GMTSL,not climate-related
Antarctic ice sheet,ice sheet
ocean forcing,climate-related
historical dynamic response,not climate-related
Pine Island Glacier,glacier
Antarctic ice shelves,climate-related
High Mountain Asia,not climate-related
RSL change,climate-related
extreme sea levels,climate-related
Antarctic,steamboat
medium agreement,not climate-related
sea level contributions,climate-related
tides,climate-related
Antarctic Peninsula,peninsula
outlet glaciers,climate-related
climate forcing,climate-related
grounding line retreat,climate-related
West Antarctica,region
Sea Level Change,climate-related
heat content,climate-related
marine ice sheet instability,climate-related
West Antarctic Ice Sheet,ice sheet
snow,type of meteorological phenomenon
thermal expansion,climate-related
global average,climate-related
high model agreement,not climate-related
low model agreement,climate-related
atmospheric forcing,climate-related
stratification,Wikimedia disambiguation page
sea ice coverage,climate-related
Antarctic sea ice thickness,climate-related
melt rates,climate-related
ocean surface,climate-related
subtropical gyres,climate-related
global mean sea level rise,climate-related
vertical land motion,climate-related
observational record,not climate-related
Wilkes Subglacial Basin,landform
Southern Ocean warming,climate-related
global OHC,climate-related
surface fluxes,climate-related
mean ocean temperature,climate-related
SAMW,climate-related
NADW,not climate-related
AABW,climate-related
CDW,Wikimedia disambiguation page
Agulhas leakage,climate-related
EBUS,not climate-related
Svalbard,archipelago
GRACE,climate-related
IMBIE Team,not climate-related
median,type of statistic
ice discharge,climate-related
bedrock topography,climate-related
Greenland SMB,climate-related
dynamic response,not climate-related
basal melt rates,climate-related
glacier,supercomputer
EAIS,climate-related
2300,composite number
SEJ,Wikimedia disambiguation page
Southern Andes,not climate-related
parametric fit,not climate-related
Eurasia,supercontinent
tide gauge reconstructions,climate-related
Last,Wikimedia disambiguation page
land ice,climate-related
extreme still water levels,climate-related
spring snow cover extent,climate-related
permafrost volume,climate-related
Circumpolar Deep Water,climate-related
ocean stratification,climate-related
ocean density,climate-related
ocean temperature,climate-related
westerly winds,climate-related
Coupled Model Intercomparison Project Phase 6,climate-related
Antarctic Bottom Water,water mass
redistributed heat,climate-related
ocean heat transport,climate-related
OHT,Wikimedia disambiguation page
ocean models,climate-related
thermosteric sea level rise,climate-related
Pacific Ocean,ocean
sea level commitment,climate-related
ocean dynamic sea level change,climate-related
sea ice area,climate-related
satellite period,not climate-related
Amundsen Sea,marginal sea
ice thickness,climate-related
West Greenland,climate-related
sea level equivalent,climate-related
ISMIP,not climate-related
tidewater glaciers,climate-related
submarine melting,climate-related
ice mélange,not climate-related
structured expert judgement,not climate-related
GIA,Wikimedia disambiguation page
VLM,Wikimedia disambiguation page
ESWL,climate-related
Ocean Dynamics,scientific journal
Continental Shelf Research,scientific journal
Glac,family name
